id	GSM337492_Control	GSM337498_Control	GSM337501_Control	GSM337502_Control	GSM337504_Control	GSM337505_Control	GSM337509_Control	GSM337511_Control	GSM337512_Control	GSM337516_Control	GSM337520_Control	GSM337526_Control	GSM337529_Control	GSM337530_Control	GSM337532_Control	GSM337533_Control	GSM337537_Control	GSM337539_Control	GSM337540_Control	GSM337544_Control	GSM901319_Control	GSM901320_Control	GSM901321_Control	GSM901322_Control	GSM901323_Control	GSM901324_Control	GSM901325_Control	GSM337491_Treat	GSM337497_Treat	GSM337499_Treat	GSM337506_Treat	GSM337507_Treat	GSM337508_Treat	GSM337510_Treat	GSM337514_Treat	GSM337517_Treat	GSM337519_Treat	GSM337525_Treat	GSM337527_Treat	GSM337534_Treat	GSM337535_Treat	GSM337536_Treat	GSM337538_Treat	GSM337542_Treat	GSM337545_Treat	GSM337490_Treat	GSM337494_Treat	GSM337495_Treat	GSM337496_Treat	GSM337500_Treat	GSM337503_Treat	GSM337513_Treat	GSM337515_Treat	GSM337518_Treat	GSM337522_Treat	GSM337523_Treat	GSM337524_Treat	GSM337528_Treat	GSM337531_Treat	GSM337541_Treat	GSM337543_Treat	GSM901326_Treat	GSM901327_Treat	GSM901328_Treat	GSM901329_Treat	GSM901330_Treat	GSM901331_Treat	GSM901332_Treat	GSM901333_Treat	GSM901334_Treat	GSM901335_Treat	GSM901336_Treat	GSM901337_Treat	GSM901338_Treat	GSM901339_Treat	GSM901340_Treat	GSM901341_Treat	GSM901342_Treat	GSM901343_Treat	GSM901344_Treat	GSM901345_Treat	GSM901346_Treat	GSM901347_Treat	GSM901348_Treat	GSM901349_Treat	GSM901350_Treat	GSM901351_Treat	GSM901352_Treat	GSM901353_Treat
DPP10	6.809555	6.807647	6.410167	6.800774	5.803712	4.864593	6.043825	4.815025	5.253631	6.624385	6.506283	5.391303	5.544957	4.864188	4.3648	4.838623	6.582469	5.497624	5.663465	6.808367	7.517618	6.127818	6.293797	6.429588	6.149259	6.327545	6.895243	5.889643	5.436656	5.814487	3.935649	4.12524	3.676689	3.946267	3.337854	4.378829	5.784107	4.107653	5.876863	3.830574	3.488482	4.058626	3.864611	3.404541	4.069465	3.359943	3.608097	3.325952	6.702012	3.40837	3.829108	3.535759	3.349722	3.900412	3.880329	3.703284	4.898141	4.011871	3.762405	4.003877	3.942716	3.909074	3.915189	3.897965	4.006588	5.509576	6.113453	4.179991	3.908021	6.245106	4.685009	6.906983	5.304817	3.722571	4.222129	4.79563	4.014424	3.94573	3.948358	4.006951	4.137901	3.896092	3.879449	3.946761	3.77211	3.834767	4.022373	3.885241	4.494093
DPP10-AS1	7.719682	7.770182	7.568169	7.047772	6.514538	6.175773	8.024584	7.072269	7.660022	7.676823	7.905339	8.305031	8.019229	7.904841	7.104809	7.146139	8.016505	7.504644	7.865268	7.570863	8.135089	7.741488	8.110098	7.859514	7.669031	7.960588	7.821501	7.259078	7.088376	7.277806	5.830672	6.561449	6.058188	6.228919	5.63877	6.400187	7.183343	7.084796	7.732591	6.096429	5.438188	6.675541	6.279408	5.617005	6.347153	5.540004	5.729114	5.421193	7.57121	4.686442	5.168032	5.573091	5.267135	6.339517	5.495987	5.826734	6.819527	5.991299	5.217589	5.969789	5.302851	5.155809	6.206577	5.8368	5.496159	8.145534	7.851385	6.259	5.953968	7.528166	7.44645	8.44592	7.438192	5.9024	5.586381	7.143747	5.973127	5.626474	5.726206	6.302682	6.054331	6.156583	5.875272	5.687125	5.856399	5.709166	6.380415	6.183364	6.230707
OLFM4	9.274139	11.689978	10.925265	11.702291	12.841088	12.758562	11.878455	11.903773	13.141827	11.066361	9.286117	12.100428	10.484032	12.448862	13.017519	12.879833	11.932494	11.942261	13.176976	11.866582	10.361408	10.050659	11.404013	9.655311	8.426946	11.736498	9.26071	12.211896	13.29065	12.013621	14.054377	13.199644	13.933125	12.230608	13.266116	10.850153	12.58499	13.243123	12.529648	13.609297	13.315655	13.325785	12.193912	13.508307	10.533278	13.53485	13.57309	13.494587	9.809916	13.561257	13.57309	13.508307	13.325785	14.136352	14.136352	14.054377	13.752926	13.849439	13.699946	13.688161	13.458141	12.247399	13.862323	13.732968	14.031498	12.84939	12.931756	13.276566	13.812209	12.831202	13.474184	11.638749	11.978571	13.781721	11.395815	11.641302	13.976146	13.830263	13.199783	13.795364	13.976146	13.906428	13.642537	13.893235	14.095137	13.439725	14.058732	13.893235	13.846015
AFAP1L2	6.128847	6.405314	4.856761	6.432038	6.060183	6.365858	6.309166	6.238417	5.777517	5.904093	5.90879	6.004403	5.898272	5.903253	6.266605	5.29654	6.244323	5.999797	6.023456	5.991773	6.347444	6.102913	6.33185	5.680596	6.224414	5.762651	6.292028	6.85933	6.663194	6.929447	6.390092	6.595264	6.467945	7.053504	6.978362	6.73816	6.144644	6.291156	6.290653	6.606554	6.969634	6.680094	6.876802	6.910602	6.465735	6.738985	6.695158	6.970204	6.668756	7.212639	6.655723	6.902828	7.017558	6.528795	6.361644	6.41042	6.555528	6.764669	6.406369	7.045995	7.053312	6.023524	6.380367	6.442553	6.93001	6.149311	5.881262	5.393216	7.092256	6.039301	6.506027	6.158575	6.057609	6.553211	6.925365	6.164189	6.446628	6.623093	5.917677	7.106607	7.460964	7.2028	6.979561	7.231242	6.935263	7.095873	6.699239	6.728496	5.996553
CLDN8	11.126129	10.735553	11.969794	9.620392	9.884336	9.402234	8.913058	9.992444	8.950399	9.70007	11.47313	11.118488	11.115069	8.624776	9.402234	8.957649	9.874882	10.26091	9.753639	9.571165	13.054546	11.668734	12.435451	11.19567	12.652567	12.853578	12.772498	9.319842	9.541751	11.103134	7.153903	8.759394	4.974121	9.567151	5.516824	10.409924	10.26091	8.639012	11.699897	8.73636	8.531549	8.196964	9.987884	5.049009	11.07705	4.348899	4.41278	4.125117	10.62744	4.187408	4.898776	6.883515	6.01933	4.464466	6.214277	4.320348	9.238415	4.296822	4.200059	7.841883	6.805731	9.408079	5.431627	5.980774	5.56328	8.763484	11.374028	7.39739	5.421158	11.01924	8.374852	10.968212	11.443304	5.720729	5.369978	9.919376	5.471415	5.557504	7.723573	7.35204	8.364784	5.391048	5.326071	6.03176	7.389281	5.781545	5.848005	8.930685	8.84122
MYEOV	7.452653	6.874283	6.103559	7.600746	7.610688	7.036037	7.760627	6.99938	7.264891	7.214929	7.085264	7.743616	8.310987	7.756998	7.694288	6.961522	7.621089	6.589807	7.716375	7.310751	6.191427	7.118983	7.593916	7.151174	6.671423	6.974009	7.131961	7.716375	6.946665	7.432608	9.06088	8.979156	9.07082	7.356991	8.116655	7.035581	7.175394	7.611825	7.919851	9.499305	9.101602	8.492147	7.430236	9.076596	8.027519	8.515716	8.614045	8.833045	7.229324	9.617456	7.931484	8.764484	8.916262	9.614184	8.274645	9.306632	8.100663	9.43941	8.849958	8.848177	8.901935	9.385311	8.050334	8.912707	9.310575	8.625273	7.409683	7.557416	8.173455	8.263972	8.097673	7.015207	6.418376	8.969872	7.436124	7.734434	8.673315	8.879139	9.253812	8.165975	8.723034	9.258223	8.778407	8.508852	8.361193	8.89587	8.845602	8.722602	6.098708
EDIL3	7.638126	7.557902	8.947416	7.473517	7.546934	7.509267	7.239498	7.418193	7.509267	7.590125	8.10695	7.390371	7.914718	7.381539	7.286794	7.205533	7.301851	7.460373	7.634536	7.20288	8.152812	8.179812	8.055831	8.343269	8.194016	8.549973	8.259146	7.38068	7.3097	7.338942	7.893181	7.677934	7.266669	7.22814	7.58987	7.423546	7.594779	6.659974	7.417139	6.848588	7.125789	6.8361	7.167539	6.169746	7.087988	7.488668	7.056061	7.049542	7.275565	6.906997	6.972382	6.872339	7.288393	5.371461	7.196748	5.841901	5.725181	5.440375	5.568633	6.483182	6.403389	7.078457	6.064612	6.883407	6.219812	7.563225	7.475562	7.179843	6.993067	7.703743	7.042265	8.108719	7.515803	7.069236	6.446465	7.463049	7.170653	6.924398	6.456381	6.828672	6.170909	6.98058	6.387226	6.771353	6.443626	6.47455	6.525472	6.87371	6.950275
GHR	8.137456	8.203283	7.517443	8.244704	7.051172	7.808143	7.847365	7.869382	7.052059	7.666952	6.642031	6.26871	7.392851	7.006713	5.981083	7.121075	8.169612	7.532686	6.507511	7.233932	9.238582	8.172593	8.092407	9.08123	8.161422	8.209337	8.052737	7.874354	6.901324	8.28437	7.639533	6.42741	4.687102	7.104944	5.589194	6.737682	7.017723	4.725945	8.015207	7.440048	6.85394	6.157871	7.343949	4.73022	7.261112	6.724456	6.216154	5.490311	7.461967	5.360712	5.716984	5.938421	5.642559	4.153607	5.298107	4.192746	5.048155	4.169781	4.571317	4.673362	4.359874	6.853975	4.952914	6.363962	5.087885	7.165626	8.534135	4.799263	5.95688	7.663041	6.075283	8.533226	7.126873	4.94738	6.101904	8.303467	5.614679	5.629283	6.226766	6.072022	4.387059	5.544285	5.994543	5.543061	5.077596	5.851318	5.879968	5.228594	6.163978
DEFA5	5.851993	5.777704	6.671871	5.588389	9.776656	5.732751	6.120978	6.082818	6.328591	6.67346	6.343414	7.020425	6.015444	7.123961	9.133647	6.120799	5.813617	5.230146	6.095029	6.288795	3.99582	4.139628	7.967484	3.828775	4.882	4.05743	3.488087	6.617921	7.231399	5.530385	11.217393	10.417325	14.757752	6.504056	9.916006	5.906143	6.616213	8.535137	6.603912	11.588744	14.152353	14.09379	7.941042	12.280656	6.420835	7.934443	12.178129	12.775165	6.204255	7.60603	8.128715	8.798567	9.73714	9.288035	9.950803	12.138614	6.529869	7.491387	8.67196	10.154522	11.284615	11.587596	10.572753	11.909378	5.173114	7.914694	4.657132	8.907859	11.090245	7.302944	10.408946	7.028495	5.370656	12.277001	3.794515	6.668012	12.09785	7.826488	9.729493	8.641162	11.269254	10.567881	11.230186	11.652408	9.387139	10.745162	8.359723	12.065707	13.392981
GLRX	10.259849	10.322106	9.380221	10.689181	10.520672	10.430947	10.391336	10.040231	10.465114	11.685797	10.41285	10.242456	10.021095	10.305504	10.192527	10.322106	10.415277	10.018853	10.788562	11.211369	9.759859	10.122666	10.157227	10.150028	9.927119	9.741347	10.008911	10.961839	11.283493	10.848248	10.551493	10.546767	10.457595	10.242456	10.656435	9.801472	10.811016	11.365768	11.192269	10.91139	10.58619	10.271917	10.365578	10.730702	10.391336	11.194599	11.263512	11.242322	10.591294	11.44572	11.078367	10.978208	11.275848	11.201738	11.365768	11.286403	11.451531	11.27821	10.831317	11.194599	11.309348	10.416829	11.316683	10.578957	11.169389	10.706303	10.317462	10.678572	11.041641	10.527665	11.064909	10.351151	10.181055	11.532002	10.762759	10.207517	11.264186	11.172405	10.510864	11.336122	11.028244	11.201981	11.189081	11.199118	11.494883	11.294524	11.480901	10.286853	11.784674
CD55	8.753482	9.334632	8.856831	10.04977	9.700551	9.28256	9.160215	9.186758	9.798219	11.253049	8.289725	8.110478	8.613372	9.151481	8.750162	8.969726	9.05884	8.736834	9.60776	10.955981	8.693663	9.114163	8.945695	8.423471	8.27399	9.24732	8.63495	9.461559	10.108882	9.8671	10.028997	10.230814	11.131143	9.297431	11.752305	8.936102	9.376943	10.246258	9.400172	10.04977	9.863298	9.622307	9.229189	11.662707	8.880755	11.720501	12.742637	12.327045	9.216519	11.917365	11.498932	11.705152	11.109714	12.418912	12.8962	12.54581	10.926086	11.82583	11.788915	11.06134	11.13633	8.901311	10.397415	10.436558	11.190853	8.970745	8.913297	9.908371	10.583906	9.758128	10.840836	8.795062	8.807707	12.453521	10.744142	8.738019	11.494925	11.712802	9.554975	11.859985	11.241134	11.598645	12.404613	12.309757	11.957903	12.688204	12.134663	9.825599	9.867511
HCP5	8.490211	8.603198	6.718704	8.274939	8.753369	9.476823	8.380888	8.833109	8.425486	7.876499	8.703023	8.673878	8.406002	7.738608	8.666466	9.467899	8.368125	8.835165	8.670655	8.240691	8.153819	8.646372	8.093796	8.085715	8.37996	7.76066	8.033465	8.830054	8.717301	9.322608	8.708458	8.665594	8.559711	8.533658	8.862988	9.001973	8.823266	9.060096	9.510119	8.950017	8.519471	8.764935	8.357702	9.310287	8.887558	8.652706	9.387203	9.351585	8.729526	9.598082	9.619599	8.997694	9.694174	8.68293	9.121067	9.321326	9.158101	9.6712	9.688112	9.113738	9.94543	9.48804	9.947938	9.468383	8.040625	8.725925	8.640873	9.602719	9.469813	8.823766	9.197983	8.90683	8.384734	8.843292	9.379723	8.566851	9.736808	8.645661	8.302735	9.218708	9.442372	8.770251	9.435409	9.080208	8.917982	8.617779	9.262853	9.474138	8.560835
BACE2	8.002891	8.415363	7.760542	9.154501	8.698028	8.33119	8.384491	7.988646	9.647769	9.32204	8.151394	7.856892	8.146124	9.445716	8.395934	8.605106	8.852995	7.972754	9.42173	9.471581	8.040573	8.609869	8.484233	7.713739	8.182273	8.336193	7.435353	8.571617	9.526874	8.677862	9.515051	8.709848	8.708439	8.974137	9.485622	8.35681	8.545712	9.675155	8.821038	9.372228	8.94627	8.661871	8.894734	10.011267	8.306935	9.922959	10.576057	9.918127	8.609631	9.990742	9.548838	10.253657	9.393794	10.300826	10.736303	10.400832	9.887338	9.75057	9.572414	10.026357	9.888814	8.732141	9.991079	9.782903	9.875668	8.646312	8.569566	9.37584	9.56039	8.416258	9.162064	8.111383	8.707768	10.196198	8.508907	7.961067	9.685503	10.062527	8.868966	10.173986	10.302539	9.585095	10.453688	10.104888	10.717382	9.822515	10.070402	9.310216	8.630788
CFB	7.011873	7.219351	4.986489	7.260593	7.319186	7.298477	6.863859	7.112603	7.348168	7.878745	7.071987	7.4701	7.162347	7.264345	7.606356	8.026449	7.402232	7.297543	7.568323	7.948975	6.919024	6.813322	6.966441	6.602979	6.778197	7.013079	6.948578	7.247681	8.24687	7.385852	7.248418	7.12041	7.568011	7.282125	8.167487	7.162551	7.278667	8.22061	7.932394	7.634334	7.576972	7.634334	7.933592	8.158547	7.488243	7.961878	8.565355	8.221375	7.050099	7.824495	8.842254	8.170424	8.179681	8.252588	8.774727	8.811441	8.312933	8.018134	8.578631	8.30605	8.450324	7.554279	8.333462	7.832049	7.833425	7.241268	7.133082	8.13865	8.383981	7.154143	8.210639	6.92314	6.660807	8.56978	8.384817	6.784162	8.38991	8.486171	7.018781	8.349627	8.363971	7.622545	8.380592	8.499184	8.493688	8.075019	8.116274	7.902226	8.692846
LPCAT1	7.539453	7.57648	6.511458	7.688282	8.04072	7.419612	7.84101	7.710658	7.91043	7.758316	6.956436	6.284855	6.268918	6.900028	7.356434	7.071283	7.233918	6.929618	7.153159	7.554384	7.236879	7.257553	6.58159	6.509032	7.072032	6.458306	6.98392	7.430626	8.369096	8.344111	8.08715	7.57697	8.247388	8.438687	8.756168	7.792216	6.828968	7.381868	7.060923	7.715987	7.038832	7.487236	7.279946	8.186204	6.605101	9.34596	9.444226	9.292574	8.116026	8.822745	9.644678	9.152529	8.655269	8.774891	8.581379	8.963549	8.487447	8.585883	10.059495	9.236983	8.400532	6.62016	8.559816	8.422297	8.591851	6.641819	6.932501	7.973983	9.15309	7.06016	7.079326	6.643152	7.234757	8.83534	9.622316	7.050584	8.733612	8.891287	7.621436	9.098757	9.186311	8.936099	9.33199	9.353715	9.51672	8.981857	8.885901	8.021208	7.840491
REG3A	5.797626	5.606478	5.038542	5.65184	6.93651	5.529688	5.520615	5.852802	5.719701	5.839896	6.046336	5.613026	5.903808	5.692929	6.770859	5.995612	5.850994	5.586799	5.731063	5.700058	4.371256	4.504742	6.123723	4.475331	4.781262	4.580264	4.696646	5.748485	6.038811	5.478873	6.572348	5.769264	9.567147	5.762724	7.622358	5.619617	6.053261	6.507796	5.769495	5.883336	8.588464	8.820001	6.364779	9.2825	5.571027	6.818641	8.592202	9.018735	5.996126	5.986066	8.160493	7.702301	7.259238	6.350552	7.791911	9.264073	6.256409	5.89743	8.699827	8.138148	8.480842	8.278115	8.477428	8.190243	6.036873	5.460279	4.771601	6.976837	8.581651	5.854294	7.870613	5.502095	5.007325	8.7251	4.844527	5.400452	8.451512	7.569135	6.422313	6.177207	8.092556	7.824736	8.33035	8.549586	7.702441	8.076417	7.761767	6.66026	9.279749
PXMP2	10.044541	10.182262	10.497766	9.666139	9.754219	10.403098	10.082386	10.246572	10.079174	9.654834	9.796948	10.315957	10.392909	10.125159	10.170737	10.81887	10.005001	10.483854	10.150218	9.556335	10.127514	10.085858	10.410184	10.343695	10.187373	10.237403	10.505258	9.85275	9.242031	9.791065	9.376062	9.685244	9.267712	9.792051	8.915923	9.562417	9.843138	10.017051	9.763081	9.978459	10.167723	10.145586	10.174093	9.392694	9.598991	8.526835	8.621912	8.316317	9.570338	8.863012	7.994481	9.105166	8.369051	8.663326	8.77372	9.05187	9.404618	9.1573	8.295782	9.335794	9.010822	10.604217	9.325736	9.414762	9.341634	10.344369	10.26417	10.115747	8.50427	10.151782	10.130857	10.473277	10.375591	8.988914	8.100687	10.49104	8.941058	8.469664	10.126209	8.80059	9.55273	9.104324	8.958114	7.973649	9.134885	9.091675	8.226409	9.774996	9.818763
NHEJ1	9.296849	9.293646	9.002089	8.883669	8.722374	9.457515	8.694157	9.681031	8.983691	8.416432	9.249681	9.502817	9.537327	8.273901	9.058462	9.266593	8.504812	9.867119	8.877936	8.59535	9.451939	9.229485	9.623466	9.331438	9.568289	9.22482	9.841703	9.301071	8.637533	8.844531	8.147627	8.35734	8.063471	8.787823	8.639101	9.043795	9.237487	8.246386	8.778338	9.057175	8.757121	9.21288	9.132186	8.554312	9.303253	7.873068	8.124441	7.705353	8.661534	8.019027	7.693196	8.468565	8.190202	7.728003	7.866098	7.709767	8.150766	7.938023	7.927184	8.774826	8.187818	8.852147	8.368608	8.644685	8.008583	9.264936	9.189335	9.00253	8.040622	9.158108	9.168257	9.507554	9.68222	7.826476	7.507828	9.192657	8.070386	7.992603	8.732491	8.126825	8.367297	7.92486	8.272012	7.928496	8.147192	7.757443	7.755673	8.896471	8.571108
PTGDR	6.955586	6.839315	6.101323	6.103525	6.550254	6.689585	5.939543	7.177151	5.828891	5.937539	6.676311	6.097813	6.406428	5.417765	6.685902	6.842767	6.163809	6.775652	5.56102	5.897169	6.41724	6.705507	6.597338	6.718117	6.785966	6.263765	6.743695	6.253764	5.757537	5.945943	5.678106	5.414185	5.192604	5.815449	6.226019	6.484658	6.065015	5.35375	5.702951	6.001738	5.99852	6.672513	6.003117	6.041192	5.455939	5.23227	5.93009	5.494641	6.096932	5.862101	5.207514	5.429491	5.423359	5.043632	5.698864	5.525788	5.454769	5.477487	5.44392	5.815449	5.98904	6.489826	5.644614	5.993661	5.284789	6.158581	6.522759	6.108247	5.563771	6.492098	5.931502	6.683632	6.882958	5.483143	4.893123	6.683796	5.382553	5.465664	6.082317	5.774146	5.517159	5.647972	5.039006	5.195884	5.61325	5.295872	5.565605	6.62807	4.889659
REG1A	6.270561	6.633847	8.094313	6.557702	7.746214	6.772786	6.982254	6.637176	6.847051	8.739378	7.421505	7.658277	7.503968	8.105817	7.760659	7.280951	7.292482	7.11014	7.222616	9.094518	5.718374	5.158259	8.049551	5.653516	4.812864	4.916269	4.661748	6.546797	9.048242	6.732772	7.598989	7.510228	12.390473	6.478436	8.451395	6.574195	7.70006	10.681008	7.981128	7.451009	9.638299	10.633414	6.722482	10.605526	7.64573	9.661972	14.199181	13.855658	7.032854	8.049982	13.855658	14.514767	10.622971	11.491512	13.739618	13.378815	9.778003	9.711209	13.940988	14.292144	12.362213	8.805117	12.251651	11.461811	9.234541	6.872267	4.906356	10.484838	12.419831	9.409631	8.790026	5.496436	5.009779	11.695149	7.260329	5.009541	13.365171	11.11168	7.430441	11.805262	12.243789	11.208772	12.756056	12.697239	12.970518	12.33808	13.529794	9.212598	13.365171
EPHA2	7.261396	6.967404	5.851796	7.183954	7.450202	6.4106	7.594019	6.351847	7.380351	7.713282	6.2334	6.57307	7.081504	7.259365	7.032953	6.771515	7.604728	5.975566	7.410633	7.124695	6.675272	6.734528	6.31166	6.880814	6.60986	6.734528	6.363018	6.847958	7.357464	7.68978	7.690704	7.256925	6.469563	7.429792	8.038038	6.812604	6.543116	6.824428	7.536795	7.664534	7.200436	6.623987	7.649759	7.895308	7.154071	8.036636	8.234461	8.394001	7.341404	8.011439	7.792654	8.021899	7.592799	8.307753	8.397485	8.551346	7.65919	8.012467	7.810047	8.107609	7.860867	7.46409	7.584032	7.205854	7.749295	6.467839	7.800911	6.710743	7.096858	7.212756	8.055102	6.811188	7.074353	8.963129	7.156908	6.87583	8.00557	7.984465	7.849611	7.8803	7.578555	8.566042	7.419586	8.176964	7.957124	8.758846	7.711711	6.878255	7.405926
C12orf5	8.965095	8.880294	7.091824	9.456032	9.006725	8.717694	9.031732	8.291015	9.347081	9.167032	9.093441	8.265049	8.306397	9.155772	8.759256	8.195828	9.133427	8.117742	9.194475	9.409048	7.902758	8.47153	8.71507	8.256091	8.806905	8.798424	8.292409	8.996876	9.317683	9.250965	9.500913	9.324849	8.677694	9.212413	9.346298	8.484786	9.10833	8.813824	9.350648	9.168327	9.417012	8.59673	9.554302	9.40095	8.567945	9.69571	9.481713	9.574008	9.200645	9.727786	9.486521	9.319996	9.39927	9.358891	9.713142	9.845337	9.507299	9.92342	8.971877	9.230233	9.460609	8.949793	9.264382	9.310227	9.743535	8.727211	8.900677	8.409475	9.544756	9.212455	9.109838	8.874947	8.457864	10.226779	9.648153	8.754605	9.630898	9.845538	9.487206	9.425724	9.477072	9.701167	9.62032	9.572527	9.180969	9.635324	9.768939	8.738372	8.465872
REG4	8.398988	7.500228	7.237248	8.913378	8.605904	6.662738	8.27716	8.177246	8.781384	7.562098	8.058399	8.213011	8.284269	8.978343	8.779408	6.804743	9.299646	8.149415	9.10377	7.650213	7.421128	8.431887	8.365454	6.307125	7.730953	8.965205	7.308209	8.90871	8.140306	8.574738	10.299983	9.566703	11.874362	8.999132	7.247499	7.601716	8.67721	8.01438	8.588866	10.23781	9.886986	10.048695	9.134477	9.043104	8.32297	11.196024	9.317375	9.65298	8.572997	11.47479	10.286728	10.412253	9.372981	11.638497	9.369262	9.960473	9.843468	11.53578	10.447244	10.679207	9.559361	7.959644	8.082717	10.034794	11.629569	9.083862	7.821015	9.519883	9.819323	7.829735	8.471765	6.927538	7.144901	9.461382	7.823597	7.147901	9.206051	10.445012	10.232786	10.457343	10.932928	10.558043	11.155018	10.176862	9.76117	11.084308	10.809272	10.889443	10.863626
FUT8	6.66483	7.271729	6.116488	6.697203	7.044744	7.243577	6.728055	6.63355	6.684267	6.915835	6.769239	6.231884	6.823346	6.565553	6.81868	6.999507	6.82172	6.86073	6.345025	7.257828	6.697961	7.031979	6.499036	6.685878	6.741796	6.167927	6.75782	6.995669	7.62899	7.617169	7.27236	6.795325	6.807447	7.125989	8.039313	7.184956	6.841477	6.396421	6.987617	6.885107	7.189691	7.100427	6.767095	7.83537	6.467317	7.796461	7.710452	8.104029	7.249519	8.323739	8.720289	8.331289	7.313335	7.651971	8.187128	7.63388	7.680497	8.106835	7.25059	7.646139	7.759077	6.481675	7.695637	7.474405	7.598126	6.652032	6.334402	6.870558	8.03415	6.725882	6.51547	6.681935	6.635928	7.588553	7.944924	6.69026	7.599646	8.304674	6.808703	8.008089	7.150726	8.077975	8.357738	8.414195	7.328628	7.77939	7.793686	7.291218	7.783398
TPK1	7.673867	7.984528	6.344201	8.291563	7.751928	8.131461	7.574525	7.620653	6.854058	9.139475	7.517074	7.682694	7.122054	6.880109	7.699133	8.002763	7.696978	7.622765	7.072025	9.226941	7.076727	7.64288	7.485463	6.881053	6.790347	7.695723	7.446888	7.943392	9.253695	7.968502	7.523229	8.142523	7.839546	7.641408	9.256896	7.31385	7.802848	9.247935	8.13399	8.058575	8.301125	7.969391	7.641686	9.243348	7.443296	8.093156	9.601436	9.134412	8.045747	9.042725	8.25459	8.951132	9.195691	8.909333	9.954106	9.862815	9.118443	9.122552	8.469632	9.080175	9.397883	7.558628	9.199791	8.850819	8.586625	7.046701	7.839014	8.215083	8.809455	7.428834	8.395901	7.670271	7.634521	9.740447	7.351527	7.192099	9.058277	8.551531	8.004955	8.875509	9.67435	9.375323	9.422878	9.211691	9.627182	9.59999	8.916676	8.334089	8.190433
THRB	7.841562	7.730059	7.897612	7.179802	7.24355	8.037666	7.212215	8.011474	6.674811	7.589065	7.705366	7.26141	8.011814	6.103797	6.979848	7.414633	7.051203	7.646458	6.354047	7.057604	7.968964	7.67425	7.766148	7.886864	7.945568	7.487398	8.04997	8.017895	7.697171	7.085137	6.40696	6.643401	6.845548	6.818275	6.722768	7.520726	7.646816	7.249032	6.611849	6.396771	6.228419	6.950859	6.909139	6.423836	7.791159	6.319822	7.011102	6.460271	6.921912	5.728011	6.127422	6.660651	6.550856	5.483811	7.178851	6.348058	6.096036	5.66931	6.196438	6.587073	6.563187	7.619233	6.433918	6.827666	6.617092	7.63841	7.551158	6.089229	6.420742	7.369693	7.146637	7.931098	7.762495	6.198168	6.019608	8.09226	6.213232	5.766816	7.297648	6.35136	6.499472	6.367786	6.305584	6.280701	6.387677	5.977936	6.28925	6.815875	6.584927
ME1	7.690842	6.82987	7.239074	7.613628	7.331791	6.870276	6.839238	7.199302	7.112244	6.952238	8.102363	7.365134	6.468224	7.378769	7.347962	5.918073	6.99186	7.161527	7.632107	6.87787	6.826893	7.153982	6.865882	6.247549	6.649688	7.028732	7.199697	7.48712	7.163395	7.166614	8.151261	8.316899	8.737055	7.308356	7.985416	6.983488	7.494381	5.627077	7.178121	7.828893	7.897239	7.743509	7.477317	8.51728	7.881945	7.436879	7.876488	7.646384	7.569349	8.377364	8.043876	8.184905	7.764145	8.45673	8.864906	8.568943	8.329644	8.988965	7.964045	8.224552	8.310837	7.11631	8.425488	7.714234	8.551106	7.607677	7.541299	7.100761	8.12088	7.393175	7.496361	6.227143	6.383741	8.26429	6.869701	6.848335	8.03255	8.240626	8.199874	7.953618	8.640813	9.02146	8.317318	8.50886	8.038031	8.659305	8.189438	8.09651	7.294428
FHL2	10.797136	10.852979	9.509005	11.240813	11.614222	10.745842	11.707649	11.215468	11.774589	11.748376	10.323329	10.326163	10.208224	10.91245	10.876115	10.354483	11.614222	10.124346	11.539353	11.640421	10.159381	10.496847	10.528125	10.434141	10.416925	10.831905	10.657302	11.057311	11.519796	11.516421	11.88941	11.837147	11.237647	11.189903	11.215468	10.570633	10.297386	11.434453	11.240813	11.559647	11.235004	10.756715	11.18082	11.32254	11.416553	12.114993	11.804426	11.657704	11.113545	12.019084	11.635639	11.857516	11.649493	12.28683	11.972393	12.064179	11.278912	11.80867	11.092212	11.6314	11.523169	11.255987	11.546861	11.32457	11.889196	11.393511	11.524399	11.337619	10.943065	11.072705	12.088561	10.659074	10.837992	12.37781	11.150899	10.825869	12.153212	11.464678	11.343947	11.793894	11.415534	11.57588	11.78334	12.136244	11.977468	12.257044	11.797157	10.865004	10.884273
GXYLT2	7.284698	7.848976	8.090805	6.764346	6.895909	7.55606	7.294305	6.668777	7.254194	6.022426	6.205408	5.691077	6.151119	5.853966	6.434006	7.211159	7.376237	7.06961	7.176844	5.99747	7.298074	6.440257	7.163781	7.883402	7.531723	6.769926	6.925229	6.892502	6.452381	6.973943	6.025786	5.681581	5.018537	6.502197	6.269829	6.77522	6.185618	5.505099	6.13062	6.183025	6.12644	6.407526	6.14857	5.958358	6.262243	6.830557	5.950247	6.552162	6.911159	6.438531	6.597168	5.686707	5.709291	5.051102	5.434253	5.302417	5.58477	5.591904	5.280972	5.228099	5.474336	6.771022	5.248736	6.737145	5.761486	6.70004	6.809557	6.824543	6.091356	7.77798	6.669938	7.598957	7.256547	6.01836	6.278879	7.14816	5.733345	5.78523	6.16225	5.877967	4.93361	5.373665	6.10688	6.029671	5.273717	4.992938	5.525022	5.778394	5.462257
FAM189A1	6.441965	6.100347	6.15336	5.975984	6.639552	6.477022	6.783465	6.714509	6.203353	5.977922	5.787027	6.0258	6.250213	6.141916	7.424744	7.260456	6.975801	7.049606	6.933268	6.081897	6.520451	6.666275	6.449067	6.349822	6.889505	6.584489	6.992723	6.223669	5.594981	6.208766	5.3896	5.524116	5.729227	5.746527	5.673103	6.361623	6.166308	5.863433	6.246151	6.577684	6.850611	6.656056	6.063657	6.284984	6.119834	5.691424	5.654874	4.930639	5.949134	5.566603	5.28197	5.892642	5.150269	5.588964	5.530862	5.343008	5.683547	5.259494	5.663675	6.211094	5.102648	5.974417	5.553482	5.532831	5.722408	6.757709	6.741453	6.36994	5.354891	6.38134	6.639049	6.960807	7.269637	5.355397	5.118366	6.481119	5.356785	5.296376	6.684607	5.967332	5.915958	5.492415	5.301081	4.990628	5.847846	5.363524	5.238344	6.285309	6.118087
L1TD1	6.400162	6.927188	5.185086	5.911639	7.208367	7.479425	6.243267	6.392521	6.636486	6.726568	6.987755	6.804231	7.23639	6.626119	7.391619	7.798754	6.281161	7.322488	6.33441	7.139944	5.182581	6.093015	6.283112	6.205773	5.894732	6.277242	5.737833	7.343471	6.21237	6.936192	7.047008	7.084235	6.690873	6.485793	9.229973	6.227042	7.376571	7.076312	7.180832	7.268789	8.555458	7.527279	7.220068	8.95321	6.459322	7.665013	7.967297	8.5815	5.934958	9.47952	6.823501	7.262479	8.597809	8.060485	7.694439	9.069031	7.059538	9.583405	7.722712	7.722185	8.542152	8.357429	8.415584	8.733626	8.467858	7.844321	7.30788	8.737831	8.469252	7.984931	7.629538	6.193167	6.32821	8.591379	5.268552	6.901256	9.356043	7.700343	8.004969	7.690384	8.187684	7.241575	8.125599	7.60398	7.989683	7.591312	7.3187	7.619921	5.486407
SATB2-AS1	7.588863	7.738121	5.584325	7.98659	7.81696	8.12901	7.040668	7.213521	6.560486	7.379454	7.725252	6.883176	7.170604	7.595077	7.546965	7.760537	7.467119	7.282509	7.375753	7.33968	7.882902	7.764948	7.893914	7.879786	8.628918	7.146095	7.831503	7.665101	6.882935	7.052915	6.836837	6.736834	4.976906	6.447485	6.925521	7.594278	7.806809	6.582333	7.068515	6.786908	6.832831	7.100523	7.002756	6.675794	7.506476	5.287563	6.343383	5.549048	7.508186	6.00221	5.043257	5.397824	6.313746	5.56631	6.711062	5.963815	6.898377	5.867506	5.087819	6.361155	6.901062	7.728337	6.696775	6.555573	5.736098	7.452701	8.192826	6.934118	6.022623	7.864041	6.942642	7.758344	8.223626	6.521	5.758753	8.031758	6.447212	5.731138	6.518316	6.323979	6.026492	5.738579	5.816414	5.853401	6.818022	5.676737	5.849355	5.938573	5.411785
TMEM98	11.117262	10.79014	9.597748	10.355566	10.619386	10.666885	10.702656	10.747504	11.051781	10.455637	11.008566	11.36931	10.861978	11.003522	11.104781	11.139366	11.111759	11.228604	11.324298	10.540692	11.408414	11.26119	11.442643	11.21396	11.358749	11.166114	11.087913	10.348863	9.980516	10.522624	10.479517	10.520406	10.697453	10.693809	10.137928	10.700752	10.48962	10.059269	10.781986	11.056633	11.117262	11.174972	11.400548	10.038069	10.906692	9.929349	9.444001	9.416376	10.591234	9.602072	9.439443	10.077197	10.17497	10.514181	9.731873	9.80463	10.33772	9.795836	9.399836	10.325745	9.981653	10.717523	9.973442	10.411027	10.423459	11.107994	10.633602	10.6446	9.614467	10.805985	10.49634	10.91541	11.192356	9.958498	8.845416	11.060197	9.878381	9.947519	10.641414	9.769428	10.553514	10.14053	9.610267	9.720062	9.952726	10.221292	9.41751	11.045077	11.244661
LIPG	7.417502	6.909219	6.251352	7.188258	7.356573	6.903776	7.948846	6.679162	7.507177	7.971174	6.860734	5.624599	6.049957	5.87295	6.996984	6.891798	8.081445	6.910511	7.450924	7.887857	6.505548	6.774594	6.962407	5.776137	6.664966	6.19537	6.557733	7.109703	8.994339	7.357784	7.178562	7.616312	6.205575	7.607601	8.3585	7.083625	6.722842	7.931035	7.074555	7.190387	8.044089	7.258628	7.998662	8.090095	6.495746	8.36849	9.01638	8.321424	7.393364	8.732717	8.634123	7.818681	7.950186	7.26749	9.127712	8.599047	8.506762	8.6828	7.984487	8.161122	8.566605	6.74883	9.220112	8.087677	7.413251	6.889106	6.907754	6.690398	8.454704	6.981323	7.865535	6.166072	6.384993	8.997204	7.914005	6.792254	8.455121	8.776825	7.596247	9.202967	8.493014	7.921362	8.609514	8.606409	9.226835	8.145249	8.567607	7.62842	7.515039
PSMB9	9.342704	9.88866	8.306328	10.286029	9.704391	11.171861	10.061906	10.57597	9.806965	11.695835	9.196731	9.414683	9.017976	10.21869	9.833497	11.533143	9.463398	10.202171	9.268699	11.600103	9.750637	9.975664	9.439611	9.363889	9.769388	9.106986	9.376899	9.91454	11.940368	10.406795	9.695135	10.107788	10.977559	10.724112	11.160003	10.396649	9.985297	11.940368	10.165086	10.449855	10.341058	10.19464	9.942453	11.045465	9.95517	10.880334	11.657062	11.790821	10.033672	11.906946	11.68735	11.426577	12.410014	10.895421	10.887068	11.391535	10.747643	12.007815	12.305327	11.444804	12.462176	10.982945	12.351964	11.828978	10.660446	9.584821	9.624732	11.468269	11.600324	9.697437	10.7536	9.282722	9.395215	11.257815	12.042246	9.518067	12.217346	11.494252	9.689882	11.366073	10.88905	11.339788	11.526185	11.991698	10.971441	11.065019	11.739794	11.002843	11.056228
HMGCS2	10.081817	10.997932	10.488866	9.796723	10.786504	11.266247	8.646334	10.648044	9.964755	9.884123	10.039535	11.015859	11.36383	9.404305	10.692369	11.046109	8.524582	10.949582	10.285839	9.947777	10.33047	10.740286	10.785327	11.556499	10.843421	10.926474	10.807051	11.056197	9.132292	9.32676	9.608816	10.442696	8.568921	8.608371	6.769131	10.383839	10.900032	9.960203	9.713935	9.453322	10.387888	9.74661	9.63473	7.136406	10.393562	6.584941	6.06121	6.274903	7.380151	7.604954	5.761385	5.965269	7.428548	7.083543	6.162019	7.500138	6.887582	8.009186	6.017727	6.793815	7.877485	11.338818	7.634366	8.716119	9.088451	10.943058	11.977758	10.513123	7.28068	11.690612	10.986377	11.380543	11.051469	7.281347	5.851687	11.493881	6.481374	6.705492	10.66748	6.460906	7.147299	7.074321	6.788733	6.767598	6.99032	6.838972	6.380974	9.54935	7.08627
TRIM22	8.330427	9.243548	6.103501	9.372216	9.155583	10.499901	7.935169	8.252947	8.592014	10.506929	7.608946	6.455988	6.333848	7.027725	7.40289	9.409983	7.441363	6.874706	7.403086	10.259348	9.511032	8.644999	8.001235	8.201604	9.188517	8.145209	8.180647	9.186737	11.188278	10.141736	9.981755	9.455259	9.813115	9.857796	10.463481	10.018747	7.352321	10.613105	8.437182	8.610931	8.292324	8.156549	9.147867	10.079425	9.783101	10.934391	10.086745	11.411153	9.841445	10.407779	11.562297	9.541241	11.634666	10.410035	9.673923	11.164374	10.407779	10.736812	11.373859	9.235447	11.3394	8.482613	11.431345	10.195433	9.071833	7.914102	6.799146	10.013597	11.136925	8.387656	8.899491	7.443914	7.721703	10.66447	11.864502	7.666703	11.311312	10.846077	7.583084	10.624042	8.868098	9.915044	10.643022	11.201244	9.453317	9.277766	11.395628	10.296769	10.289502
ERRFI1	8.942191	9.126012	10.770601	9.037099	9.275279	9.513839	8.713949	8.611064	9.089673	9.718864	7.58982	7.140432	9.185893	8.197434	8.250509	8.990141	8.468419	7.987538	8.54047	8.860172	8.405801	8.412065	8.243186	8.103363	8.233301	8.030948	8.25314	9.408902	9.89229	9.587163	8.970175	9.048124	8.423512	8.780799	10.326048	8.961269	8.72307	9.042698	8.793816	8.85951	8.436612	8.44339	8.51247	10.200294	9.227296	10.806707	10.506137	10.615137	8.919447	10.232326	10.24655	10.288804	9.580963	10.143049	10.628897	10.521266	9.20505	9.840029	9.356835	9.923915	9.639243	9.495479	9.633766	8.806398	9.324184	8.692033	9.806028	9.027929	8.727832	9.868662	10.243932	8.74746	9.119378	10.709058	9.609758	8.680002	10.235924	9.093925	9.524412	10.159184	9.578626	9.762739	9.793381	9.819994	10.23374	10.346836	11.045334	7.90366	9.272092
GABRP	4.548057	4.00887	4.151564	4.12617	4.40329	4.482909	4.275335	4.373053	4.333969	4.210361	4.661551	5.25172	4.992924	4.943052	4.35199	4.273372	4.394156	4.174846	4.665109	4.64977	4.677639	4.312538	4.744365	4.524107	4.134098	4.083277	4.283654	4.40531	6.184212	4.937511	5.02414	4.426921	4.895608	4.99658	5.648887	5.304926	4.392235	6.090905	4.843426	4.270623	4.660886	4.633278	4.925573	4.912184	4.324366	6.59914	6.149991	6.146772	4.334987	5.237205	6.268203	5.736841	7.16781	6.801444	6.409734	6.14712	5.772421	5.447269	6.69626	6.60797	7.951757	4.369395	6.488296	6.150573	5.206363	4.232616	4.386019	4.711672	5.938397	4.748446	4.739032	4.106777	4.106528	5.718693	4.619068	4.571633	6.824444	6.2316	4.273564	6.582416	4.699507	5.403663	7.766382	7.146416	6.060372	5.539571	5.068346	5.666891	4.912997
HIF1A	12.413295	12.193916	12.33714	12.577783	12.359643	11.865608	11.466052	11.171502	12.371152	12.912412	12.317518	11.830646	11.969428	12.342726	11.492919	11.100985	11.466052	11.750579	11.979615	12.9306	11.926387	11.879245	11.706656	11.678508	12.036733	11.939344	11.5712	12.040637	12.937574	12.570391	13.05757	12.402338	12.078654	12.329981	12.987157	12.228204	12.139429	12.429771	12.27509	12.078654	12.109321	11.705165	11.766606	12.604175	12.29351	13.088885	12.97465	13.227231	12.590146	12.903806	13.37378	13.07873	12.516708	13.036323	13.564552	13.305963	12.881258	12.704036	13.196407	12.664106	12.795241	11.897907	12.928367	12.610366	12.547733	12.041296	11.911223	12.261951	12.984777	12.077051	12.284621	11.585664	11.652235	13.389299	13.365951	11.629283	13.131931	13.226889	11.939344	13.118855	12.916375	12.875623	12.875623	13.44357	13.093289	13.070122	13.505604	12.067867	12.229629
C4BPB	6.995316	7.298281	6.684174	7.913159	7.573128	7.260734	6.908397	7.020199	7.125603	10.678697	7.927651	8.018021	8.136651	8.43187	7.622766	7.568465	7.482252	7.163639	7.558116	10.516154	6.607168	6.789785	6.823892	5.982276	6.816734	7.200672	6.534216	8.236489	9.215372	7.250544	8.268255	7.908292	9.558407	6.956472	9.595654	6.445559	8.594328	9.554936	7.96836	8.436643	8.060414	8.120174	7.00986	9.301027	7.237407	8.864596	11.129226	10.858139	6.912586	10.132768	9.101968	9.288996	8.865622	10.121315	11.013145	11.132299	8.84942	9.997678	9.733104	9.653371	9.450298	8.05883	9.040317	8.935338	10.308608	7.291902	7.878781	8.853446	9.11538	7.853231	8.698344	7.503844	7.722191	10.64428	7.964017	7.148353	9.525644	9.751286	8.490788	10.027264	10.235121	10.148483	10.075785	10.31256	11.14349	10.810446	9.901923	7.96623	7.060604
ISG20	9.381348	9.84999	8.304938	10.649367	9.786669	9.269311	10.230426	10.436464	10.098136	10.534437	8.245058	9.151374	7.519701	9.521609	9.488906	9.281586	9.301091	8.744123	9.830046	9.943601	8.316622	9.442424	9.099876	8.900036	8.554847	8.862855	8.562977	10.567792	10.047872	9.896013	9.570275	9.814904	11.022021	9.673556	10.485254	9.176939	9.096912	10.368514	8.89791	9.890096	9.280365	9.965737	8.567489	9.930659	9.972595	10.870506	10.975122	11.224146	9.964505	10.789471	10.778071	11.160183	11.308342	10.532653	10.219961	10.391045	9.412276	10.06568	10.998621	10.42475	10.697496	9.744232	10.446326	10.054729	10.820528	9.485879	9.603124	9.807946	10.36239	9.659094	9.890006	8.978772	8.986931	10.857271	11.477525	8.881442	10.608199	10.848132	9.95951	10.567614	10.36239	10.971991	11.260213	10.924413	10.684082	10.949032	11.350839	9.075472	9.913408
VNN1	4.902589	4.94406	4.642337	5.267541	5.394009	5.116116	5.063325	4.745288	5.062089	6.074031	6.21288	6.246758	5.826592	6.387729	5.240667	4.669117	5.499794	5.145767	5.483332	6.028947	5.548512	6.558454	5.555994	4.910402	5.297617	6.433068	5.042312	4.818176	7.050304	6.704793	6.013877	6.043545	8.787652	6.198174	8.356637	6.666904	5.702268	6.854888	7.284384	5.301096	5.921938	6.014852	5.448243	8.059745	7.537368	7.973003	8.462817	7.529045	5.877813	7.135764	7.61392	8.121517	6.388797	9.950227	8.629739	8.544858	8.496875	7.661461	8.458549	7.222975	5.970032	4.70631	7.027433	6.878881	7.399739	4.633115	4.932062	6.053307	7.357741	4.505728	4.928712	4.864021	4.597307	8.891316	5.75308	4.648155	6.183399	8.719646	4.885105	7.634423	8.6281	7.238293	9.346581	8.249444	8.127388	8.539135	7.531114	8.195128	10.174738
ASRGL1	9.029501	8.468813	8.822393	8.54572	8.371963	8.918938	8.962919	8.812316	9.274221	8.042462	9.196586	9.099112	8.424661	9.101705	8.764712	9.317232	9.24484	9.10301	9.205594	8.520262	8.778716	9.001032	8.850072	7.97037	9.163099	8.701565	8.854145	8.730683	9.592409	8.656381	9.159036	9.286975	8.993093	9.160457	9.579751	9.341088	8.795138	9.996534	8.96607	9.264462	9.630648	9.400263	9.055694	9.802181	8.850065	9.56388	10.113642	9.681895	8.718089	9.441269	9.427787	10.076243	9.617163	10.000579	10.073356	10.098652	9.943683	9.425506	10.129155	10.467024	10.007312	9.04157	10.068118	9.289462	9.695225	9.414416	8.664869	9.513054	9.860424	8.737702	8.589091	8.407548	8.076602	9.892798	8.468148	8.460139	10.128576	9.695946	9.525037	10.215157	10.216061	9.71519	9.975152	9.7852	10.599364	9.678956	9.729514	9.739367	8.426734
SGMS1	7.913753	7.86453	6.310732	8.019652	8.065771	7.750231	6.875118	7.017077	7.010983	8.184841	8.135372	6.521061	6.871409	6.193049	7.187396	6.72516	7.205984	6.895905	7.012499	8.506697	8.131618	8.048447	7.411567	7.571524	7.684665	8.103835	7.566584	7.472574	8.559301	8.436698	8.864798	8.432915	8.411399	7.948515	8.776515	8.238535	7.260571	6.855634	8.700841	7.984424	8.080548	7.687719	7.886309	8.768351	7.917202	8.891235	8.696231	8.862078	8.497199	8.945611	8.819062	8.523388	8.532147	9.005204	9.502091	9.546277	9.500127	9.30187	7.991809	8.488015	8.871656	7.045087	8.840952	8.221549	8.077005	7.749704	6.713074	6.647549	8.836108	7.235617	6.810028	6.943678	6.89661	8.54735	8.00198	7.131588	8.274816	8.603032	7.344623	9.150367	8.723905	8.534533	8.797609	8.902558	9.178192	8.690851	8.894629	9.469359	9.857559
C9orf24	7.160898	6.556222	7.083067	7.049961	6.713879	6.457231	7.067431	6.905523	7.372888	7.255976	6.925954	7.279197	7.080774	7.270961	7.246392	6.895311	7.451141	7.675043	7.756751	7.466269	6.869315	7.770457	7.12673	6.879296	7.879573	7.071738	7.508022	6.966275	6.377789	6.507642	6.416043	6.780635	6.534495	6.910425	6.229661	7.516089	6.933959	6.638987	6.741118	7.054365	7.447036	7.527504	7.508028	6.372616	7.275349	6.003238	5.808095	5.717902	6.852398	5.822231	6.085259	6.176246	6.072454	6.279265	6.478956	6.024751	6.239447	6.091603	5.722126	6.592621	6.167526	7.504059	6.738595	5.978041	5.73303	7.213637	7.017426	6.405747	6.154211	7.169365	7.496742	6.929109	6.850042	6.41067	6.13138	7.106237	6.373145	6.282837	7.340792	6.349771	6.441268	6.675875	5.988071	5.987844	6.012512	6.135478	5.959493	7.02034	8.13891
CLDN2	5.637722	5.861174	6.921445	5.988934	5.259505	6.122146	6.371253	5.77484	6.31589	6.525021	5.93478	6.224468	6.09807	5.88995	5.798999	6.767122	5.985089	5.736816	6.426039	7.01436	5.794888	5.411387	5.688898	5.813988	5.920798	6.078617	5.299828	5.870553	7.228831	5.69835	5.984358	6.511923	8.185373	5.70319	7.304242	5.979507	5.954554	6.685517	5.854936	6.005255	7.155672	7.00945	6.129322	7.687808	5.73131	8.237768	7.770249	7.480012	5.902486	8.722703	6.718327	7.702448	6.656875	8.165891	7.591395	7.986474	6.664855	8.165545	8.129582	7.748221	7.078687	6.262708	6.199993	6.581634	8.111515	6.190616	6.324238	6.0698	7.961163	5.585799	6.685376	5.619344	6.131109	7.155286	5.908018	5.905807	7.653273	7.792436	6.344779	6.753703	7.732905	7.619322	7.363441	8.265546	7.291256	7.724689	8.13756	6.423769	8.567383
SLC6A14	6.026988	4.910151	7.327933	7.853629	6.463708	4.337245	4.91852	4.342285	7.302569	11.11264	4.309182	4.990947	3.933906	7.814564	6.460861	4.140136	6.563998	3.907363	7.004068	9.95966	6.103251	5.512457	6.233611	4.39061	4.69821	5.855519	5.090938	5.290852	8.617723	9.258735	6.512984	7.201845	7.765524	7.569779	10.07825	5.542008	3.805608	6.696902	9.030044	7.481692	7.926463	5.091625	6.268538	9.940417	5.364476	10.540992	11.044173	11.46233	8.792275	10.83983	9.927071	10.411403	9.772502	11.009487	11.551044	11.826277	10.994058	10.774086	10.919931	10.457072	9.43415	4.647033	10.062832	8.941107	10.022695	4.608994	4.97909	6.603926	10.276493	4.551367	7.183492	4.732301	4.949842	11.868606	8.855102	5.135698	10.282939	11.152845	5.585316	11.808909	10.730358	10.713635	11.097757	11.754951	12.041715	11.558021	11.431437	9.310427	5.383459
C2	5.801066	6.162274	4.261728	6.140076	6.190711	6.354478	6.068121	5.978034	5.980279	6.208574	6.287055	6.291565	6.317194	6.389328	5.494924	6.095415	5.294313	5.170327	5.229538	4.911899	5.601856	5.824384	5.718643	5.479198	5.512527	5.431487	5.687117	5.896286	6.293151	6.163421	6.313765	6.609007	6.654489	6.229803	6.368173	5.916331	6.257893	6.241461	6.274436	5.835577	6.20308	5.79453	5.777852	6.280599	5.537347	6.412629	6.645316	6.898737	6.012362	6.670345	6.745787	7.125732	7.374948	6.210375	6.410012	6.733439	6.649744	6.285617	6.476462	6.791996	7.132349	6.031808	6.476413	6.687096	6.059299	5.730051	5.521631	6.410553	6.587565	5.643634	5.675866	5.574415	5.375585	6.656069	7.279554	5.594156	7.744369	6.507164	5.430535	6.964108	6.268102	6.646548	6.806885	7.192745	6.626292	6.494933	6.788115	6.288853	6.728362
DMBT1	8.903767	10.449975	10.487851	10.517313	10.825751	9.674312	8.567536	8.807628	10.95262	11.013812	8.592078	10.859674	9.962502	11.633856	10.637129	10.308737	8.651535	8.982297	10.218709	11.161579	7.492897	8.858703	10.79115	8.482137	6.906727	9.355258	8.940767	10.239779	13.522967	8.822292	10.497752	9.375744	12.667968	10.63383	12.065534	8.626742	10.118037	13.576116	9.023721	10.825751	9.53266	10.750718	9.694254	11.717057	9.267901	11.403086	13.649899	13.16903	9.42848	10.562882	12.085722	13.115678	12.699858	13.312191	13.476263	13.561297	12.453658	9.707912	12.786356	12.983096	13.427598	11.377151	13.515185	12.856632	12.001505	9.685351	9.495153	12.963255	12.274206	10.834425	10.409134	9.722908	8.15869	13.029319	8.084518	8.819264	13.515185	12.66946	11.46288	12.765609	13.05695	10.697666	12.827684	12.205755	13.481969	12.937451	11.584381	10.962805	13.227492
NAP1L2	6.986013	6.461822	5.083504	6.577784	5.710231	5.424069	5.155332	5.673964	5.213295	6.122706	6.160353	4.582237	4.867275	4.606031	5.324628	4.742982	4.877355	5.677263	4.730027	5.582015	6.529658	6.383422	6.277927	4.710071	5.209827	5.477262	6.521365	6.280862	5.16574	5.808256	5.043061	5.204487	4.314463	4.708156	5.034499	5.830332	5.732845	4.089284	4.239714	4.306321	4.968192	5.510059	4.191803	4.601447	5.171097	4.593328	4.95724	5.067791	5.854283	4.826016	4.942005	4.569396	5.462283	3.748939	4.151355	4.03888	4.519688	4.05463	4.208348	4.342893	4.724764	4.190123	4.356695	5.165004	4.520152	4.453782	4.704373	4.323925	5.995846	5.842312	4.260796	5.369317	4.897006	4.512471	5.988129	5.876563	4.81543	4.285268	5.014835	4.964542	4.28668	5.267138	5.270823	5.043549	4.471773	4.440894	4.572108	5.035243	4.963113
CDH3	5.983876	5.509849	6.408967	6.284276	6.008953	6.006508	5.831984	5.817234	6.616861	6.181144	6.582139	6.432706	6.54069	7.09733	6.30279	5.845432	6.417912	6.081988	6.571841	6.479953	6.068288	5.983507	5.788	6.076492	6.289612	6.186013	6.02523	5.763689	6.435986	6.120439	7.1767	6.635436	7.768157	6.82979	6.762381	6.781935	6.335687	6.562024	6.68046	7.591906	6.543883	6.220996	6.395916	6.460513	5.751121	7.884227	7.507187	7.8979	6.607765	8.399618	7.748764	7.859909	7.018904	9.210088	7.611628	7.454089	7.163025	8.616269	8.376816	7.47415	7.317368	5.817034	6.478517	7.17021	8.546362	5.692425	5.533186	6.263173	7.207599	6.181769	6.093904	5.854645	6.006268	6.866677	7.342117	5.864959	7.166806	8.471317	6.596894	8.319341	7.369722	8.314377	8.161301	8.639881	8.132105	7.997312	8.025801	7.20176	5.980881
TSPAN7	10.270924	10.759765	9.453378	10.123403	10.20604	10.876011	10.309342	10.302663	10.039973	10.030927	10.07373	10.534735	10.902547	9.596814	9.713515	10.61239	10.188598	10.192585	9.916982	9.743151	10.28271	10.401617	10.434041	10.7852	10.440054	10.199219	10.281677	10.127943	9.886407	9.968884	9.978066	10.008904	8.941916	9.757659	9.940909	10.313882	10.192585	9.539776	9.79234	9.972539	9.939707	9.996553	9.770589	9.618493	10.312398	8.963421	8.987963	9.172765	9.74854	8.900727	9.386003	8.739272	8.740584	7.742061	9.055882	9.395525	9.080403	8.727682	7.109545	8.715558	8.92446	10.434041	8.943408	9.405796	9.176567	10.581997	10.776689	10.187628	8.88118	10.550561	10.388224	11.085106	10.343282	8.737726	9.480966	10.779566	8.149815	8.58824	10.227554	8.691647	9.623833	9.059078	8.992589	9.21044	8.719794	9.167609	8.068796	9.949572	9.105779
SERPINB5	6.141971	5.065115	5.361323	6.595479	5.453834	5.313555	5.915859	5.344925	5.765956	5.140282	6.501926	5.260389	5.268256	6.39353	5.425821	4.740747	6.538537	5.271205	6.686933	5.228307	5.815458	5.289007	6.38906	5.207565	4.930048	5.767306	5.448365	5.888399	5.412822	5.558012	7.245739	7.444656	7.634974	5.625122	6.571567	5.654358	5.739765	4.594409	5.689827	6.913416	7.025772	6.686751	6.270843	7.157702	6.319134	7.103718	6.891865	6.576123	6.054518	6.89043	6.688232	6.445561	7.049981	7.531068	7.349716	7.546742	6.789781	7.575242	6.688676	6.509996	7.0505	5.33994	6.615157	6.688612	7.389339	5.459376	5.826043	5.522343	6.517933	4.774066	4.882217	5.411372	4.720649	6.690438	6.824252	4.789879	6.902584	7.503989	5.846	7.055311	7.423439	7.625472	7.423439	7.407955	6.878678	7.389106	7.698289	7.453418	6.890687
DEFA6	7.007898	6.545673	8.057931	6.80641	8.555993	6.49526	6.990965	7.02867	6.953381	7.404723	7.418402	8.059358	8.099038	7.860079	8.513758	7.183794	7.388268	7.241439	7.762321	7.262632	5.604733	5.638464	7.808008	5.509858	6.10456	5.836817	5.255488	7.218623	7.316218	7.414494	9.610169	9.042082	14.313896	7.346805	8.792067	6.807866	7.575833	8.132541	8.48226	9.503231	13.30895	12.6102	7.44342	10.263299	7.263781	7.445829	11.037684	11.683729	6.838236	7.41425	7.364794	8.752667	8.880466	8.809967	9.327243	10.962782	7.506001	7.737547	8.933023	10.525988	9.752104	10.929612	10.653008	11.258666	6.725771	7.557616	5.570174	8.746996	10.761694	6.607108	10.011484	6.551993	5.747717	11.414111	5.337868	6.629749	11.556018	7.654506	8.550278	8.380006	11.056571	10.469219	10.856945	11.090644	9.328591	10.775702	8.509418	11.396125	12.690015
C21orf88	6.437044	6.210228	5.506256	5.828563	5.836839	5.483312	5.17711	7.110302	5.385033	5.612443	6.83223	7.775669	5.918545	6.329829	6.110559	6.62918	5.925542	6.96949	5.867449	5.227948	7.089808	7.287318	6.588583	5.724911	6.589665	6.785579	8.148924	5.16042	5.386273	6.024595	5.515092	5.900513	5.767188	6.685466	5.395408	6.161641	5.68076	5.82944	6.19958	6.017803	6.631113	5.619045	7.05405	5.948977	5.850175	5.16101	5.279136	4.848347	6.616059	5.09887	5.217427	5.421552	5.130267	5.750152	5.617884	5.447774	6.069417	5.414801	5.571083	5.820657	5.174359	5.708909	5.585563	5.877255	5.863363	5.368317	5.927333	6.122297	5.49761	5.323157	5.528941	5.632249	5.991959	5.625594	5.167389	5.340359	5.24814	5.503733	5.782847	5.741096	6.294513	5.349824	5.314682	5.12321	5.749303	5.552638	5.550493	6.215026	5.490088
LCN2	9.423623	8.966809	7.780545	8.725084	11.605	10.220768	8.729167	9.293668	9.157031	11.750702	9.968948	10.927854	9.173813	10.892698	11.966528	11.222018	9.489542	9.196531	9.100659	12.601327	9.957948	10.873074	10.318033	8.279426	9.322104	9.383447	9.386662	9.030808	12.674436	11.208767	9.526947	9.265039	10.912514	12.093285	13.053348	9.636618	9.222192	13.06905	12.038512	10.055506	10.140693	9.009933	11.659832	13.188403	9.878731	13.015019	13.743388	13.2693	9.806503	13.060933	12.873615	13.518412	12.27515	13.66283	13.743388	13.573841	13.435609	12.834294	13.518412	13.287486	12.517617	9.697909	13.513951	12.558018	10.095684	9.363263	9.037968	12.003718	13.381732	8.946669	11.584282	8.615015	7.931071	13.78964	11.13391	9.111566	12.591175	13.662843	9.575983	13.553704	13.956468	12.820624	13.78964	13.695265	13.854113	13.645943	12.211912	12.268305	10.824378
LYN	8.325878	8.547709	7.974617	8.680316	8.722769	8.678322	8.206305	8.191701	8.495872	8.973006	8.273622	7.674016	7.48718	7.846568	8.071944	8.441627	7.951916	7.861849	7.942376	9.10887	8.194587	8.184384	7.872643	8.153314	7.968173	7.621872	8.033724	8.259152	9.656462	8.684615	8.619232	7.697212	8.387846	8.75339	9.024777	8.505799	7.474309	9.785573	8.03175	8.243159	8.000506	8.353795	8.284619	9.530553	8.215034	9.408349	9.509129	10.057382	8.993791	9.768259	10.183102	9.320926	9.536692	9.554725	9.090417	9.713445	8.874948	9.659531	11.33661	8.97541	9.537395	7.980498	9.585492	9.189235	9.172877	7.961878	7.562156	8.731719	9.629238	8.078456	8.613016	7.824068	8.018112	10.069083	9.750091	7.779234	9.81902	9.441587	7.927363	9.762728	9.120022	9.100547	9.543101	10.130382	9.496035	9.448854	9.633792	8.467961	9.481802
SLC26A2	12.951419	13.144869	12.538028	11.587127	12.688838	13.277385	12.259266	13.171497	11.531224	10.852448	12.660966	12.862359	13.301535	10.120966	11.662844	13.3658	11.71238	13.323178	11.662844	10.350885	13.070526	12.60054	13.036685	13.270184	13.194268	12.950863	13.270184	12.804652	12.09634	11.937544	12.275274	11.344911	10.041371	11.645019	9.315415	12.896505	12.748945	11.971663	11.431488	11.903984	10.963541	11.949658	11.695397	9.832109	13.031007	8.839522	8.781208	8.538801	11.75209	8.549963	8.926329	8.843508	10.37499	8.124966	9.913032	9.600706	9.650076	8.8521	9.136817	9.30594	10.909739	12.916849	11.425936	11.978642	10.949764	13.15573	13.33719	12.964723	9.489202	13.014832	13.117883	13.522398	13.30002	9.457435	8.224622	13.129682	9.914752	8.524863	12.306842	8.3063	10.459511	8.557956	8.91866	8.510276	8.499614	8.543319	8.78584	11.560594	10.993196
ARFGAP3	9.697337	9.736056	7.658081	10.547909	9.635311	9.555748	9.491592	9.063852	10.232438	10.364915	9.879432	9.68922	9.081826	9.982864	9.087442	8.612543	9.657852	8.708373	10.22475	9.912778	9.276144	9.807822	9.774587	9.370955	9.034473	9.924989	9.58807	9.235251	10.231168	10.217676	11.211385	10.488505	11.141733	10.095725	10.583936	9.823108	9.371876	9.673054	10.026548	9.99926	9.584682	9.690149	9.953685	10.347299	9.879432	10.733213	10.52289	10.374336	10.696607	10.492654	10.968483	10.094143	10.417109	10.600754	10.895985	10.88981	10.843974	10.841196	10.27455	10.130638	10.22475	8.862881	10.373339	10.228993	10.926444	9.347442	9.469054	9.707163	10.333105	9.052223	9.45117	9.280753	9.157342	10.453692	10.37063	8.924826	10.377589	11.056779	9.332799	10.697459	10.539706	10.580928	10.958928	11.004163	11.120482	10.93659	11.198105	10.063882	10.966025
TPH1	6.676275	5.87333	8.246549	6.227914	6.051606	5.620669	6.114342	5.455755	5.947698	5.946041	6.092214	5.292065	5.270123	5.460642	5.77136	4.637571	6.296317	5.450022	5.8379	5.552821	6.857205	6.434372	6.965281	6.236159	7.133223	6.907293	6.819738	5.391052	5.896881	6.058555	5.821774	5.785923	5.474769	5.68913	5.682324	6.284127	5.192977	4.712023	5.441464	5.7315	6.053789	5.484167	5.86572	5.56619	5.977102	5.267138	5.385778	4.867619	6.905343	5.270758	5.445081	5.305257	5.446534	5.051384	4.776442	4.678687	6.016049	5.126352	5.170902	5.347032	5.29335	4.846531	4.848262	5.483957	5.721083	4.965195	5.485291	5.086817	5.203927	5.678016	4.962738	5.753455	6.186481	5.134486	4.327855	6.016917	4.88435	5.0018	5.098849	5.909048	5.41446	4.602498	5.786603	4.987389	5.745651	6.072882	6.089167	6.126544	5.98405
EPHX2	8.892473	9.218947	8.140192	9.023501	8.864558	9.286438	9.096261	9.124251	8.899425	8.386105	8.621231	9.209504	9.019397	8.772516	8.834753	9.657564	9.287304	8.944892	8.990894	8.620546	9.281817	9.15241	8.97753	9.284157	9.079842	8.959851	9.384762	8.577189	8.05929	8.734437	8.692385	9.032045	8.335175	8.752012	8.077837	9.104007	8.806491	7.7268	8.617757	8.872955	9.015145	8.916553	8.961784	8.100979	8.530706	7.746052	7.408802	8.166806	8.476958	7.77012	6.867533	8.01516	7.717703	7.132511	6.86941	8.236192	7.621865	7.793706	6.89676	8.422981	7.925356	9.251209	7.764732	8.68143	8.574257	9.264539	9.023496	9.133682	7.287514	9.155324	9.03871	9.480295	9.321122	7.911196	6.4537	9.189197	7.715211	7.256283	8.754383	7.430463	8.552782	8.204129	7.617818	7.02599	7.589558	7.564244	6.87649	9.010169	9.801982
DUOX2	7.179179	7.8502	5.504699	8.268838	6.278106	7.54533	6.852892	6.684763	8.910652	11.168292	6.400124	7.097789	6.024645	9.769542	6.191198	7.449865	7.45669	5.524859	8.428129	10.550892	6.20701	10.042731	9.234018	5.919895	5.891187	8.891481	8.608856	8.742856	11.343405	8.845904	8.618948	5.835637	11.651325	9.510172	12.589933	6.678404	6.960902	11.047608	7.811589	8.519461	6.865395	8.504369	8.236119	12.256494	7.284528	11.976809	13.257813	12.675514	9.03748	11.84531	12.52439	12.716929	11.39213	13.200941	13.189976	13.146504	11.836574	11.615396	13.13479	12.236777	11.779473	5.977006	12.109536	11.531325	9.243497	4.942521	5.119167	10.465168	12.084994	7.10256	9.884902	5.114589	6.103624	12.985853	9.634909	4.546376	11.587261	12.667764	7.242644	12.606629	12.709744	11.614953	12.582135	12.915479	12.548137	12.48204	12.177005	11.340735	9.619528
SPINK4	10.347437	9.709754	10.871503	11.35316	12.157793	9.274282	9.180544	12.69471	10.494027	10.849775	11.052513	11.488034	11.546261	10.677192	12.069157	9.808127	9.539364	13.126126	10.96998	11.738164	8.096497	10.58157	11.986593	8.43973	8.711506	10.541496	10.157177	11.010552	11.262663	9.965488	11.832185	10.369329	13.372762	10.506819	10.543371	10.872887	11.12607	11.968674	10.693543	11.863469	11.28895	12.23978	10.688333	11.546261	10.52443	13.259909	13.019069	13.234518	9.403049	14.27417	13.052479	12.994947	11.609552	13.94222	12.768683	13.403325	12.751346	14.080636	13.459319	12.863518	12.206551	9.589555	10.028404	13.374781	13.374781	12.481697	12.10399	12.822469	12.700812	10.257802	12.142444	10.695259	11.604854	13.008585	9.292792	10.493246	12.301	11.737382	12.525866	12.956046	13.796429	12.417593	13.321187	11.704457	12.944883	13.438704	13.358113	12.758769	13.198351
CASP1	9.348242	9.409608	8.384275	9.544301	9.879768	10.559505	9.400113	9.336088	9.278872	11.60312	9.600981	8.550293	9.262399	9.173746	9.94894	10.597777	9.560324	9.649391	8.890163	11.575398	9.546525	9.34106	8.914544	8.927692	8.59463	9.079408	9.277223	9.258532	11.718203	9.657992	10.187499	9.858293	9.108837	9.72779	10.957912	9.410661	9.33291	11.489705	9.625132	10.034124	9.912154	9.396825	9.925911	11.028939	9.290798	9.489248	11.003231	10.915033	9.994782	11.148219	10.894926	10.955925	11.860329	9.859124	11.374655	11.290515	11.137246	11.477555	10.992438	11.428375	11.894295	10.396014	12.03041	10.651989	10.180648	9.69036	9.223953	10.488984	11.01211	8.937261	10.768182	9.026762	9.036284	11.541108	9.54919	9.392648	11.764069	11.18719	9.622195	11.151819	10.870762	10.941195	10.517585	11.361977	11.425783	10.722347	10.874503	10.316312	11.051164
HYAL1	6.963891	6.285339	6.082126	7.70015	7.754169	7.058386	7.433206	7.177865	7.638234	6.372577	7.163258	7.166852	7.143553	7.819355	7.904543	7.524091	7.666679	7.263855	7.249099	6.188875	6.315846	7.354807	7.286585	6.68143	6.262753	6.70662	6.017884	6.890627	7.068337	7.314455	8.37259	8.825793	8.203651	6.492981	8.065214	7.064041	7.370693	7.597097	7.652217	8.637833	9.375289	8.752476	6.877909	8.923225	7.493584	7.556763	7.699048	7.611596	6.793536	9.455456	7.218065	8.326364	7.679139	9.071052	8.057183	8.554437	7.462934	9.985844	6.975013	8.266384	8.44817	7.947889	7.343462	8.677625	9.89246	8.314149	7.697246	8.046448	8.128949	7.214155	7.307323	6.73378	6.434992	8.800419	6.598917	6.595133	8.17172	7.760087	9.207452	7.388613	9.161616	8.343581	8.787317	7.78228	7.814435	9.068584	7.816653	9.138359	6.348296
ANO5	7.828568	7.81426	7.118773	6.533865	6.519203	6.256062	6.358979	6.919588	6.981302	7.183934	7.300966	7.311973	7.349054	5.961578	6.392072	6.257125	7.302901	7.499183	7.385658	7.095799	7.629973	6.757532	7.815783	6.922238	7.65062	8.169996	8.318347	6.50325	7.138917	7.594293	6.256801	5.990159	5.894065	6.821123	7.328825	7.355798	6.068607	5.964309	7.264849	6.510784	6.22422	6.283322	6.690916	7.084759	7.403874	6.302472	6.313651	6.29708	7.453224	5.054484	6.140317	6.879037	5.515253	5.821823	6.489823	6.122198	7.028712	5.093131	5.704678	7.005524	5.261051	5.590748	5.59424	6.077474	5.917313	6.648342	7.380214	6.336834	6.195857	7.255529	6.275368	7.364542	7.156365	5.794747	6.179723	7.659626	5.961406	5.448079	6.471643	6.762619	5.731978	6.380338	7.093615	6.515882	6.505118	6.81401	6.139258	6.09496	6.114869
S100P	12.452129	11.350294	12.281952	12.170293	12.821632	8.387457	11.427943	12.084507	12.392278	9.894369	11.922856	12.776054	10.819075	12.008196	12.814359	8.145942	12.506785	11.427943	12.607938	10.263619	10.042725	12.152756	12.109872	10.042725	11.292191	11.731747	11.4684	12.20748	11.702427	12.607938	13.302317	13.07564	12.949178	12.324147	12.898624	12.084507	11.313051	11.021482	12.840348	13.393624	13.490684	12.673599	12.422711	13.150147	12.549818	12.749186	12.392278	12.613779	13.085217	12.957882	12.212608	13.414897	12.428026	13.182091	12.417886	12.535792	13.268829	13.126985	12.392278	13.358859	12.590658	12.869781	12.905435	13.35091	14.007397	13.136849	11.539479	12.814086	13.071341	11.358876	12.724291	9.623884	10.978721	13.126741	11.195229	10.688209	11.990205	12.56374	13.77517	12.837874	13.986416	13.829481	13.418908	12.762245	13.23001	13.919413	13.095852	13.202697	9.558944
HLA-DMA	8.949068	9.435731	9.013594	9.685643	9.77539	10.403051	10.3746	10.009953	9.717161	9.761573	6.864814	6.613299	6.50689	7.37056	8.374556	9.620449	7.722669	8.285702	7.258321	8.419878	8.937022	9.425545	8.599933	8.769928	8.749516	8.096498	9.036011	9.097545	10.683899	10.568935	9.456962	9.53852	10.673275	10.571514	10.632937	10.378547	7.494444	9.62799	8.485112	8.663119	8.541968	8.878539	8.876998	9.743101	8.745915	10.702649	10.870547	11.690343	10.626214	11.097043	11.58834	10.900441	12.335648	9.995609	9.920869	10.683899	10.346112	10.747311	11.331407	10.257833	11.522821	9.291207	11.882345	10.439398	9.042383	8.435691	7.28998	10.506695	11.010858	8.953351	8.419678	7.397984	8.124546	10.757836	11.506132	8.323843	11.592855	11.235424	8.160033	10.695247	9.778833	10.144929	10.686198	11.37531	10.105559	10.166023	10.369525	10.416819	10.876245
IFITM1	10.351859	10.98073	10.639318	10.675243	10.762851	11.064611	10.984954	10.723359	10.905621	11.767052	9.848502	10.293552	10.231091	10.607608	10.58129	11.242715	10.11313	9.677316	9.568919	11.801545	10.547694	10.335196	10.109979	10.628517	10.542835	9.521319	9.60951	10.713552	11.932037	11.129682	10.399784	10.305599	11.318484	11.348791	11.618691	10.777742	10.388181	12.004226	10.678779	10.225008	9.959531	10.27059	10.022042	11.51326	10.223478	11.644121	12.139506	12.111114	10.610669	12.239943	11.865766	11.982782	12.785358	11.868503	11.634936	11.519099	11.340491	11.828851	12.445044	11.566541	12.507344	10.285894	12.297533	11.638205	11.300433	10.146064	10.274927	11.116499	11.775539	10.19353	10.849589	10.820492	10.338588	11.656543	12.398928	10.820492	12.345791	11.665482	10.601249	11.819707	11.55605	11.359936	11.923976	12.634082	11.865429	11.55605	12.606251	10.624772	11.179033
SLC13A2	7.889597	7.334606	6.686824	6.753866	6.969865	7.270023	7.807206	8.325569	7.317776	6.764034	7.269083	7.641782	7.267781	7.006706	7.407393	7.873484	7.853609	8.146945	7.633111	7.177765	7.632975	7.514569	8.193507	7.924442	8.073346	7.624367	7.513355	7.575476	7.5722	7.411426	6.482491	6.890109	6.547737	7.034112	6.218371	7.51324	7.411149	7.453389	7.449386	7.665328	7.392765	7.484995	7.469782	6.349537	7.838239	6.328209	6.406488	6.267638	7.030158	6.212747	6.179755	6.887801	6.494523	6.027327	6.359211	6.071448	6.676491	6.256928	6.685733	7.118352	6.923737	6.656887	6.79508	6.54522	6.748782	7.233655	7.305702	6.974184	6.680907	6.932314	7.236686	7.629101	7.839299	6.229856	6.18569	7.697261	6.4859	6.680395	6.765132	6.691634	7.48753	6.43294	6.190705	6.291775	6.743686	6.695742	6.399301	6.977901	9.255232
SRD5A3	7.058984	6.463609	5.443396	6.860845	6.476181	6.151078	5.905419	6.378579	5.716261	6.470114	7.291292	6.327904	6.237143	6.269154	6.438879	5.822109	6.057126	6.751164	5.621539	6.635636	6.661807	6.1784	6.701427	5.818105	5.961939	5.9574	6.230268	6.591249	6.551821	7.189541	6.819573	6.8273	6.214499	6.575131	6.937449	6.297899	7.193326	6.147322	7.491081	6.907678	6.963289	6.451272	6.975962	7.041529	5.859276	6.949818	7.861662	7.009401	6.379817	7.400528	6.794915	7.370473	7.075083	7.138082	7.838537	7.500169	6.993811	7.435341	6.951315	7.157702	7.328024	6.697368	7.048036	6.549689	6.759368	6.061829	6.230843	6.467281	6.774716	6.189003	6.102589	6.098481	6.046955	7.384782	6.166106	6.019673	7.249156	8.537556	6.519423	8.295841	7.525176	6.984573	7.424976	7.651789	8.126347	7.756082	6.786028	6.850367	6.014307
CYP4X1	5.15233	5.283919	5.801704	4.940268	5.926927	5.660783	5.085521	4.495255	5.14818	5.030627	5.276367	4.44712	4.595059	4.342626	5.589015	4.936939	5.324166	4.699631	5.465847	5.283764	4.815925	5.123772	5.175271	5.350572	4.632837	4.859304	5.03521	5.034177	5.053506	6.497428	5.054103	4.840168	4.5727	5.609472	7.116618	5.150163	4.97413	4.40396	6.3648	5.771651	5.878429	5.04387	6.539752	6.503189	4.678902	7.112966	7.283206	6.879204	5.137364	6.947774	6.826905	7.619256	6.851183	6.991138	6.649815	6.691732	7.569171	6.899709	6.547221	7.778609	7.712151	5.017329	7.602569	7.901012	5.431968	4.655629	5.106898	5.114495	7.575683	5.113245	4.871712	4.884814	4.362562	6.49435	5.466493	5.192481	6.988452	6.724443	4.79681	6.172816	4.97018	7.785575	7.972068	6.854558	6.893094	6.110232	7.189654	6.78228	5.131909
CKB	11.572143	10.676079	10.35176	10.556585	10.897291	11.114742	11.440835	11.578006	10.940678	10.163362	11.227576	12.089864	11.267221	11.180251	10.869155	11.340635	11.180251	11.325453	11.175829	9.763642	11.724857	11.696925	11.79728	11.881609	12.006652	11.965427	12.543393	10.50992	10.760471	11.290208	10.966326	10.95169	9.778859	11.382715	9.607239	11.05602	10.599762	11.426946	11.353245	11.479362	10.57337	10.014231	11.030434	10.611864	11.396051	9.015959	8.985746	8.576613	10.933691	8.279338	8.863381	9.974244	9.812293	9.81822	9.602735	9.751496	10.97769	8.998115	9.748841	10.304038	9.915797	10.865992	10.530067	10.66597	10.356609	11.544105	11.53526	11.111971	9.992821	10.826239	11.331407	11.705029	11.835601	9.294772	7.806826	10.969318	8.784596	9.233841	11.313004	9.695318	11.184063	10.31309	10.004327	8.562959	10.179849	10.093828	9.082299	10.990408	7.434369
ERO1L	8.925961	9.2428	8.975218	9.362508	8.787184	9.198958	8.761948	8.866686	8.732077	9.351492	9.004678	8.251869	8.860105	8.39475	8.642018	8.898196	8.716479	8.785593	8.771369	9.250166	8.23142	8.633536	8.71199	8.675005	8.206095	8.599521	8.891307	9.109618	9.544191	9.016734	9.000417	9.081753	9.315254	8.657526	9.909848	8.722674	9.12819	8.794302	8.844177	9.127686	9.040071	8.82029	8.771799	9.510801	9.018299	9.212815	11.107591	10.267221	8.933032	9.523396	10.230153	10.676067	9.638431	9.67577	10.885967	10.223182	9.101592	9.442575	10.390372	9.429024	9.827704	8.537053	9.748338	9.181734	9.7041	8.834152	8.593806	8.960137	9.436345	8.95109	9.006445	8.700273	8.449586	10.595397	8.930105	8.701656	9.77958	9.644503	8.984838	10.774122	9.963822	9.609693	10.427867	10.407464	10.441436	9.940171	10.806074	9.058527	8.778524
CAPN13	7.381841	6.894978	6.53733	6.97157	6.867028	6.583403	7.016286	6.758969	6.605614	6.489738	7.329295	7.099336	6.860408	6.768476	6.837952	6.386752	7.277437	6.636928	6.911424	6.461254	7.318024	7.488278	7.605771	7.278128	7.659536	7.588566	7.076779	6.896324	7.157387	7.188792	6.704851	6.699122	6.047277	6.571671	6.914216	7.122254	6.802311	6.783509	7.162307	6.7428	6.764768	6.471437	7.068164	6.526827	7.472138	5.920224	5.571871	5.536369	7.204827	5.604084	5.581743	5.490738	5.915241	5.791016	5.692415	5.812287	6.932791	5.631035	5.481709	5.934458	6.415934	6.991857	6.167104	6.26374	5.895381	6.778115	6.801487	6.438812	5.765094	6.633832	6.389834	7.030373	7.518767	5.975417	5.555289	7.118657	5.950628	5.764507	6.487935	5.998366	6.368751	5.73872	5.913555	5.830715	6.367482	6.073947	5.660566	6.841212	7.85256
S100A11	9.911017	9.271077	9.342254	10.638808	9.896814	9.255327	10.384864	9.926586	10.748434	10.2257	10.244104	10.623623	9.704041	11.270978	10.601299	9.682382	10.411449	10.020518	10.806455	10.656502	10.164886	10.207681	10.206211	9.644832	10.038244	10.186536	9.949849	10.516516	10.435382	9.930836	9.989229	10.371263	11.354043	10.413819	10.420818	9.715978	10.464109	11.20853	10.620541	10.592705	10.70748	10.418132	10.908575	11.106516	10.616958	11.091941	11.357147	10.841152	10.431306	11.331877	10.578378	11.167936	10.777534	12.03738	11.05426	11.073066	10.742979	11.393433	11.611862	10.966639	10.896206	9.681156	11.019952	10.923717	11.217384	10.302497	9.726183	10.160163	11.088414	9.865197	10.245826	9.530843	9.901558	11.243503	10.987392	9.642023	11.194834	11.350032	10.546409	11.220314	11.415175	11.542558	11.336365	11.575719	11.299362	11.435953	11.600577	10.423531	9.985342
SLC39A5	8.044506	8.349964	7.661777	7.981044	7.922261	8.227867	8.502266	8.541187	8.069061	7.825606	7.878043	8.557142	8.060497	8.318418	8.349964	9.337008	8.453515	8.874954	8.367034	8.179793	8.312082	8.223171	8.469559	8.587989	8.212047	8.391199	8.469559	8.020553	7.298991	7.780855	7.38517	7.764508	8.404041	7.864682	7.252469	7.831598	8.263433	7.919283	8.218185	8.271308	8.028102	8.674355	8.330986	7.620955	7.810878	6.978975	7.668724	6.64292	7.557829	7.355111	6.650496	7.27967	6.67378	7.436479	7.47085	7.521954	7.596103	7.444822	7.364385	7.921851	7.439498	8.448738	7.840505	7.705697	7.700195	8.278805	8.530278	8.298261	6.862839	8.427611	8.371618	8.749246	8.506313	6.993544	6.000766	8.579262	7.212286	6.878661	8.257619	7.289785	8.255526	7.130942	7.249586	6.702867	7.956774	7.616511	7.00684	7.917471	8.920947
RILPL2	7.54803	8.163802	8.035157	8.01552	8.26022	8.393628	8.402198	7.667962	8.533503	8.17763	6.70708	7.130394	5.974228	7.171182	7.66077	7.803542	7.965255	7.150891	8.300188	8.340515	8.117134	8.055722	7.678869	7.623864	7.928648	7.230096	7.430979	7.823596	8.73371	8.777064	8.313305	8.196703	8.079822	8.822408	8.983252	8.421826	7.302446	9.583245	7.163799	8.128435	7.945645	7.993229	7.977466	8.736767	8.004453	9.426261	8.81048	9.33493	8.395048	8.744857	10.092321	9.013149	9.400959	9.531816	7.727442	8.59207	8.576524	8.642552	10.67696	9.003109	8.894977	7.415884	8.949144	8.678365	8.45526	7.594989	7.831509	7.553514	9.656835	8.061378	7.577772	7.490868	7.220683	9.047096	10.839614	7.32113	9.345419	9.113656	7.815756	9.217906	8.09145	8.507046	9.261262	9.416379	8.755365	9.067717	9.521368	8.719582	7.771524
PLAUR	8.088116	8.564741	7.74474	8.605779	8.541713	8.008515	8.738512	8.741102	8.540038	9.222577	7.333989	8.313402	8.205531	8.449725	8.052974	7.916868	8.315831	7.832556	8.527261	8.68298	7.805759	8.291586	8.169666	7.802783	7.487618	8.066709	8.127964	8.5613	8.913911	8.751033	8.05563	8.579216	8.813666	7.945872	8.635101	8.100521	8.167459	9.791993	8.361342	8.363356	7.988158	8.348629	7.958113	8.85956	8.921484	9.056325	10.40427	9.39465	8.287935	9.026484	9.959959	9.54925	9.265287	10.151848	9.712588	9.688131	8.807837	9.135118	11.037695	9.177163	9.225791	8.807036	9.258305	8.508876	8.734527	8.07394	8.596453	8.600348	8.615556	8.745041	9.565738	8.222257	8.023319	10.257941	9.244039	8.394456	9.718886	8.87839	8.7218	9.714088	9.442313	8.947994	8.831368	9.793549	9.650317	9.995613	10.458696	7.389361	7.556945
DUOXA2	6.430803	6.621978	5.900374	7.336982	6.358433	6.344479	7.030259	6.747046	7.722536	9.673642	7.546112	7.732533	7.908042	8.104027	7.450773	8.062732	7.74545	7.862702	8.119419	9.822593	6.748025	6.849345	7.411812	6.272472	6.343279	7.570938	7.220854	6.345947	9.708224	7.572262	7.66157	6.713411	9.311125	7.713933	11.61392	6.127494	7.384038	9.701171	7.800849	8.276399	7.251328	7.262121	7.983998	10.676341	6.601669	10.558856	11.754574	11.183254	7.409466	9.979125	10.254366	11.027806	9.196567	11.801588	12.028761	11.223036	10.082204	9.91933	11.399299	10.867371	9.484227	6.961228	10.52943	8.554646	7.691051	6.383424	6.811869	8.661886	10.569435	6.99157	9.019244	6.879935	6.397751	11.711486	8.520955	6.37679	9.856165	11.675998	6.785878	11.560773	11.14669	9.851827	11.252969	11.906999	11.79619	11.328182	11.015337	8.179731	7.409499
DUSP4	5.536807	5.736799	5.715314	5.57367	5.646949	5.470513	5.549293	5.566146	5.512223	5.299215	5.809071	6.049263	5.827714	6.159697	5.383063	5.869968	6.06912	5.353112	5.889688	5.513025	5.821138	5.539505	5.356045	5.371055	5.771467	5.880622	5.469637	5.412173	6.14972	5.918956	5.99791	5.752293	6.094232	5.884935	6.594112	5.554559	5.80936	5.996725	6.108248	5.412951	5.662913	5.643043	6.156006	6.499147	5.788548	7.793719	6.449302	7.171203	6.111374	6.863884	7.158814	6.840543	6.336191	7.703065	6.46983	6.966921	6.610003	7.331734	7.456364	6.925135	6.30016	5.695928	6.471855	5.928351	6.89138	5.390355	5.160158	5.679216	6.746006	5.544658	5.495579	5.32562	5.219041	6.275263	8.238287	5.47716	6.577116	7.13924	5.865905	6.833945	5.701758	6.820187	7.139984	7.713395	5.789335	7.377353	7.387835	6.369179	5.73573
CARD6	6.399921	7.157465	6.341048	6.918055	6.973889	7.029992	6.618709	6.754489	6.628608	6.963681	4.909021	4.697776	4.740886	4.785401	5.3491	5.409486	5.37625	5.824438	5.567053	5.658604	5.827618	6.095266	5.58357	5.490717	5.56921	4.857198	5.310123	6.464165	7.477011	7.015768	6.698705	7.08433	8.141967	6.846999	7.653396	6.749255	5.18006	4.873572	5.152183	6.759326	7.098092	6.715321	5.566199	7.039854	5.49758	8.417383	7.783633	8.195131	7.153654	7.984692	8.348206	7.756732	7.775598	7.269657	4.826263	7.085675	6.007041	7.030985	7.727689	6.641306	6.638754	5.87514	7.051478	7.95099	7.634737	6.041391	5.405827	5.866119	7.444034	5.886168	5.003196	5.247722	5.162416	7.686043	7.779083	5.802035	7.641069	8.06822	6.831028	6.984857	6.891237	8.144933	8.33058	8.314672	6.743729	7.100942	7.333154	7.137047	7.319921
ASS1	11.744097	11.541885	11.060155	11.474856	12.018796	12.018796	11.413078	11.659443	11.821558	13.107929	11.718119	12.129148	11.31954	12.051339	12.187787	12.325742	11.918302	11.399438	12.018796	13.157403	11.440207	11.909566	12.069453	11.634506	11.65473	11.554698	11.660049	12.183083	13.241301	12.309716	11.236861	11.217416	12.265387	12.511819	12.727991	11.512964	12.155477	13.146244	12.459459	12.027634	11.504523	11.798588	12.634531	12.853081	12.415759	11.80602	13.200076	12.966324	12.078195	12.975713	12.607225	13.797397	13.58235	12.91481	13.051017	13.394637	12.935466	12.983956	13.261909	13.604205	13.877912	12.136539	13.371063	12.929015	12.435762	11.715152	10.992281	12.296574	13.210604	11.610101	12.880229	11.112628	11.418045	13.463508	11.634506	11.606116	13.343503	12.857492	12.37777	13.628309	13.566055	13.50774	12.773731	12.739971	13.67028	13.750329	12.615244	11.893021	12.122809
CDC25B	8.981936	8.528912	8.482338	8.669623	8.773027	8.535893	9.027551	8.609798	9.571131	9.19805	8.501837	7.780784	8.466216	8.926178	8.915589	8.848961	8.656162	8.384545	9.053657	9.112198	8.111916	8.184845	8.314282	8.533452	8.638068	8.074983	7.989186	8.898193	9.450035	8.804202	9.230986	8.462233	8.655902	9.370631	8.981348	8.815776	8.767915	9.55024	8.283717	9.255711	8.468968	8.358247	8.319782	9.351477	8.053873	9.132907	10.354559	10.393388	8.380298	10.355734	9.980833	10.206962	9.706538	9.169135	9.720532	9.815744	8.757585	10.179609	9.931777	9.915204	10.117157	8.470464	9.766904	9.811558	9.399574	8.599366	8.377352	8.571171	9.401208	8.30156	9.390772	8.33254	8.140536	9.769787	10.229595	8.374171	10.204195	10.018644	9.099713	9.716573	9.935285	9.873214	9.798779	9.883739	9.741324	9.705507	10.064333	8.643387	9.030856
MMP7	6.096653	6.222185	5.423923	6.170793	6.077489	6.468097	5.987612	6.41499	6.647041	6.258191	6.89541	6.90432	6.910065	6.904534	5.833156	6.047466	6.054689	5.943337	6.420063	6.293447	6.416041	6.35287	6.002513	6.439174	5.698015	6.51486	6.062223	6.403803	7.466255	6.362338	6.677092	6.957843	7.22085	6.57451	8.071846	6.31872	6.774614	7.657922	7.170888	6.43831	6.170793	5.984962	6.686273	6.810091	6.142674	8.907442	8.567329	8.007097	6.108683	7.515172	9.388388	8.330916	9.229575	9.966394	8.555511	7.988695	8.470367	7.738632	9.263711	7.577696	7.28127	5.994407	6.531803	7.249675	7.812664	5.989467	5.447889	6.490418	8.724671	6.106234	6.213718	5.874583	5.504248	8.419894	8.891506	5.614656	7.10848	10.792277	6.415788	8.396632	7.785933	7.893107	9.179582	10.292803	7.704698	7.369138	8.205025	7.072801	5.961861
PHLDA1	6.464592	6.738165	6.269343	6.893259	7.090684	7.002678	7.141582	6.446621	7.608785	7.207492	6.359131	6.484543	6.474354	6.724507	6.645161	6.259235	7.012009	6.187577	7.075106	6.468339	6.840611	6.658604	6.445501	6.72331	6.503025	6.661928	6.530032	6.552078	7.657073	7.493128	7.794675	7.203551	7.514251	7.014682	7.42815	6.655138	6.26862	6.356918	7.109882	7.012692	6.739629	6.378185	6.909174	6.989181	6.465736	8.790698	7.935944	8.167835	7.299433	7.947745	8.039414	7.749172	7.542972	8.783521	7.578262	8.236641	7.953953	7.979272	7.311311	7.636367	7.106968	6.389024	7.396493	7.310123	7.829793	6.762569	6.233072	6.195179	8.120282	6.67877	6.551436	6.29597	6.370439	8.014722	8.316312	6.521565	7.606019	7.964316	6.998475	7.830993	6.937516	8.088095	7.659554	8.569394	7.419735	8.419357	8.369624	7.266594	6.637098
BIRC3	7.297549	8.407929	9.39344	8.423533	8.14609	8.826523	7.853966	7.907009	9.217463	9.855975	6.488729	6.586973	6.59255	6.8924	7.184409	7.992777	7.447654	7.270032	8.459832	9.314549	7.635272	7.895392	7.541505	7.944641	7.774546	7.520095	7.22724	8.25215	10.060068	8.612279	9.043717	8.261093	8.422545	8.74086	9.27847	8.777333	7.426839	8.904044	7.259909	8.934591	7.422455	7.606548	7.418967	8.556377	8.46929	9.130415	9.239739	10.146456	9.24723	9.09337	9.93396	9.126221	9.842511	8.710198	9.233376	9.517606	8.743669	9.077543	9.67915	8.765969	9.893195	7.94231	9.475527	8.41759	9.120224	7.571788	7.27972	8.537645	9.198037	7.852651	9.170958	7.086877	7.036557	9.608613	9.6984	7.481856	9.724742	8.834783	7.932767	9.365406	9.36437	9.154655	9.637927	9.727638	9.620031	8.482	9.599772	8.367767	10.907276
RP11-33O4.1	8.749778	8.414675	5.788922	7.936985	8.050499	8.449443	7.772666	8.923892	7.858225	7.565211	8.213352	8.344434	8.64273	6.638886	8.079211	8.234824	7.835304	9.005302	7.801206	7.397517	8.583792	8.167388	8.36252	8.536935	9.11109	8.554902	9.237021	8.32209	7.827225	8.123085	7.570029	7.132957	6.161524	7.872791	7.88081	8.188365	8.133237	7.395413	7.855032	7.968285	7.648336	7.870789	7.982494	7.682966	8.559305	6.739188	7.11957	6.703783	7.884505	6.939272	6.629363	7.437284	6.983476	6.932398	6.940179	6.778929	7.249317	6.860788	6.870503	7.7928	7.328213	7.85422	6.974526	7.477048	6.970132	8.234686	8.738396	7.252395	6.836016	8.36286	7.758801	8.83553	8.638376	6.796334	6.393552	8.356329	6.68781	6.840358	7.863865	6.715052	7.428889	6.986011	7.162187	6.633719	7.179736	6.909175	6.753308	8.080554	7.341798
ALDOB	5.187623	5.446995	5.738029	5.370257	5.395374	5.511054	5.292731	5.410993	5.261453	5.347603	5.699691	5.927569	5.85985	5.96028	5.440187	5.396632	5.358143	5.438742	5.565891	5.483008	5.106873	5.465497	5.18494	5.298491	5.011699	5.308215	5.070617	5.852607	5.584566	5.296467	5.52842	5.648331	8.453647	5.303614	6.116824	5.452561	5.769396	5.686447	5.601643	5.499395	5.84347	7.405662	5.465175	6.285833	5.445011	6.607077	6.260984	6.983091	5.326105	6.971679	6.437403	6.214147	6.248859	7.816435	6.332938	7.33589	5.809128	7.409634	6.685857	5.833645	6.322848	5.307855	5.273768	6.190271	7.428925	5.841143	5.194715	6.47187	5.635632	6.006009	5.373571	5.295369	5.908991	6.092239	4.962093	5.206	5.79612	6.300256	6.349932	5.655013	7.055429	6.656702	7.12605	6.778147	5.805337	6.482604	6.242471	6.980835	9.288241
CDHR1	7.138866	7.925094	6.427293	7.989415	7.714772	8.450761	8.599115	8.34907	8.504089	7.346877	6.745142	7.593306	6.632997	7.656319	8.007482	8.481894	8.545773	8.082902	8.576591	7.258202	8.578362	8.257851	8.97264	7.456686	8.161424	8.3999	8.661742	6.547831	7.146324	7.889637	7.697408	7.348676	6.039172	8.488041	6.402782	8.625066	6.604318	6.534592	7.643897	8.138453	7.734135	7.738288	8.870885	6.784333	8.209209	6.194371	6.087712	5.841042	8.447758	5.774832	5.907814	5.958342	6.461305	5.60851	5.678168	5.735764	7.637366	5.665566	6.608371	6.807351	6.996259	8.600138	6.768229	5.702983	6.194155	7.839394	8.816129	6.558274	6.480959	7.43477	7.789573	9.058	7.812585	6.303594	5.592478	8.375861	6.402367	5.958552	7.819291	6.847231	7.456686	5.589594	6.017076	5.913896	7.564987	6.623891	6.151933	7.781424	7.153596
ARNTL2	6.227009	5.917086	5.705339	6.155985	6.278242	6.039395	5.628912	5.93593	6.310602	6.420983	5.750909	5.240015	5.495984	5.277036	5.989277	5.958608	5.804703	6.06121	6.041953	5.983518	5.679047	5.755253	5.801735	5.387532	5.734083	5.680217	5.474708	6.061383	6.93164	6.282207	6.123551	5.45672	5.843369	6.234993	6.668112	6.301339	5.647661	5.584332	5.612611	6.334442	5.936541	6.123187	5.873135	6.735696	5.672588	7.097429	6.927969	7.248914	6.492438	7.245055	7.568258	7.179656	7.005596	6.512126	5.993831	6.343045	6.235989	7.065103	7.003284	6.895651	7.043773	5.632464	6.627406	6.406377	6.851485	5.528207	5.673672	5.463532	6.871145	5.515256	5.609418	5.242159	5.378152	6.609034	7.589427	5.536109	6.916532	7.194521	6.265996	7.166695	6.524782	7.205975	6.93782	7.350605	6.891336	7.029551	7.313323	6.602537	6.200406
DDIT4	8.124209	8.372276	8.429416	9.02939	9.273486	8.590504	8.284507	8.98118	8.171729	8.15807	8.303833	8.322448	7.981609	7.857723	8.65048	8.442938	7.975577	8.649609	6.881609	8.372552	8.258481	8.033158	8.000107	8.419898	8.586202	7.517182	7.973144	8.156295	8.783992	8.871718	8.467241	8.089233	9.236574	9.130077	9.306488	8.610866	7.832239	8.543522	8.104413	8.457349	7.568713	8.896611	8.389197	8.87432	8.410624	9.585394	10.256022	10.668083	8.698118	9.59196	10.272912	11.301384	9.657737	9.389669	10.493779	10.182181	9.274586	9.636358	10.740582	10.259566	9.607151	8.033158	9.202571	9.40987	10.536309	8.010303	8.413331	8.406577	9.348301	8.162352	8.350889	7.531019	7.657729	9.541678	10.640787	7.901067	9.388373	9.266388	8.554171	9.306338	9.431748	10.764914	11.088003	9.270394	10.563114	9.523387	10.980963	8.680024	8.318551
NCF2	6.251924	7.199332	5.163392	7.12608	7.079279	6.968307	6.761224	6.659042	6.976093	7.293123	5.39316	5.54761	5.107045	5.746879	5.43969	5.990231	5.609619	5.711567	6.26919	7.463681	5.951117	6.574502	5.235704	6.386824	5.16036	5.096409	6.736288	6.607363	8.732453	7.456948	6.534857	6.629765	6.238635	7.282553	8.341336	6.639931	5.491167	9.020605	5.604891	6.125629	5.760881	5.691057	6.229266	8.392912	5.520959	8.44758	8.011661	8.724714	7.088446	7.892185	10.156774	8.209268	8.467572	9.514734	5.638665	7.38387	6.913194	8.424884	11.065143	7.690886	8.040491	5.8094	8.036016	8.116556	7.935168	6.576676	5.366615	5.689593	8.359572	6.442765	6.238593	5.690601	6.418152	8.704517	9.171356	6.599709	9.403197	9.036058	6.562538	8.093507	7.038558	7.005055	7.918116	8.378084	7.322567	8.361289	9.630548	6.535382	6.37754
ACSL1	8.144482	7.549564	6.923543	9.008093	8.50832	8.14607	7.743946	7.48441	8.546355	8.548899	7.764458	6.963099	8.403608	7.625806	8.043407	7.876283	6.982191	8.08406	7.786188	8.97591	6.771667	7.35484	6.809692	7.968155	7.504732	6.687213	7.566322	7.778386	8.904009	8.560114	8.994908	8.599708	6.720813	7.442474	8.28349	8.306032	7.76875	9.519497	8.230478	8.008023	8.084774	7.59252	6.826956	8.237415	8.400554	8.151059	8.743507	9.123024	8.875234	8.92398	10.632323	8.747299	8.754994	8.756413	7.765254	9.03289	8.595545	9.691255	11.616584	8.806762	9.502107	8.538832	9.153218	9.169747	9.158372	8.669055	8.165176	7.748219	8.41035	7.411876	8.369151	7.914019	7.566751	9.605225	9.462783	9.017437	9.105451	8.497787	8.993914	8.601088	8.472684	8.701908	8.735552	8.343776	8.819159	9.490514	10.948212	8.658066	7.026395
AIFM3	8.746085	8.676146	7.482195	8.156842	8.860922	8.622396	9.067069	9.155002	8.948621	8.332765	8.551256	9.451757	8.460809	8.458124	9.416911	9.353474	8.996136	9.391779	8.810087	8.289703	8.797059	8.735502	9.168551	9.066616	9.173916	8.705086	9.142674	8.433613	8.117158	8.317824	8.062123	8.171871	5.894027	8.710093	8.235261	8.692779	8.578324	8.796141	8.687031	8.821379	8.885906	8.330469	8.779586	8.571078	8.327874	7.090744	7.83332	6.972963	8.221138	7.428788	7.106807	8.105529	7.337852	7.599365	7.725744	7.510452	8.275184	7.524568	7.815405	8.631086	8.061732	9.177066	8.169853	8.421691	7.573457	9.003704	9.44468	8.635865	7.608288	8.740009	8.96614	9.217291	9.658556	7.579815	6.800096	9.313117	7.610883	6.719778	8.700798	7.640351	8.428178	7.798299	7.239293	7.396377	8.555725	7.843748	7.226532	8.386925	7.014401
HLA-DRB1	9.034175	9.486934	10.071287	9.68222	9.830052	9.773518	10.31291	9.771891	9.869406	9.599835	7.71775	7.609403	7.737398	8.065513	7.783317	8.963226	8.085349	7.768034	8.316031	8.123636	9.203328	9.204212	8.896836	9.459263	8.761954	9.244227	9.044436	9.54659	10.78036	9.82303	10.56374	9.974815	10.231251	10.402781	9.8521	10.727194	8.423222	9.867334	9.014281	8.98251	7.909473	8.626585	8.766827	9.603736	9.593411	10.009687	10.826808	11.033753	10.530722	10.115622	10.650007	10.489398	11.312768	9.876744	10.322517	10.624447	10.224856	10.166871	10.481756	10.074969	10.932723	8.541621	9.942745	9.430668	10.008949	8.868765	7.832999	9.797306	11.546334	8.603454	8.264709	8.732858	8.643047	10.718757	11.843672	8.184439	10.046345	9.850496	8.343711	11.146105	9.892859	9.428633	10.713872	9.911459	10.671058	10.567885	10.8889	10.584801	10.216172
NPTX2	5.054	6.566707	4.98046	6.382439	5.796264	5.599308	5.015719	5.033976	6.146159	5.67079	5.274241	6.065015	6.213238	5.537838	4.700631	5.492236	5.008576	4.572112	5.983757	5.776936	5.147486	5.243267	5.765727	5.079143	5.336695	5.180109	4.411631	6.285417	5.451089	5.262614	6.651043	7.491238	7.800699	5.269042	8.729983	5.439432	5.604308	5.644852	5.034415	7.629789	8.637873	6.895967	5.778625	8.346434	5.273634	8.60173	8.538298	9.736673	6.162746	6.627601	5.333523	6.631608	5.411446	7.886794	8.276734	9.654353	5.359444	7.154196	5.920384	5.51315	6.33564	5.640671	8.269821	7.460404	8.11091	5.718353	4.857013	5.82163	7.27636	5.66394	5.952831	5.617727	4.684105	10.014389	5.155673	5.87541	8.776213	8.050284	7.129045	5.131631	8.010743	7.60146	7.626017	8.605817	5.468904	5.998268	8.141376	5.904751	4.627779
LGALS2	10.325912	9.417065	8.923266	9.129148	10.043896	9.858434	9.792741	10.486924	9.014813	9.163455	10.550852	10.259701	10.089593	9.21168	10.463366	10.39245	10.12195	10.572111	9.700542	9.300805	10.86119	10.826156	9.938	10.781802	10.210731	10.969825	10.84343	8.914541	9.668972	9.743594	7.781808	8.405771	9.52186	9.972877	8.723277	10.877843	9.158468	10.455517	10.424812	8.823032	9.322239	9.296069	10.411328	8.829067	10.273357	9.52448	8.243207	8.568165	9.741661	8.698205	7.747369	8.794224	9.31187	10.057186	8.08486	8.344038	9.774185	9.062492	8.598457	9.808586	7.939171	9.322895	9.289819	7.370029	7.580011	9.81761	9.415332	9.247848	9.752468	8.884778	9.427043	9.774899	10.816583	8.536766	8.69293	9.381217	8.498457	9.225182	9.444781	8.764791	9.950808	8.746157	8.795098	8.225552	8.963265	9.498401	7.593495	11.088976	11.271228
PDE6A	6.933114	7.072586	5.638754	6.393361	7.04169	7.475101	7.346422	8.036878	6.559044	7.048146	6.976783	7.873227	7.669431	7.193979	6.675808	8.351991	7.024861	8.663792	6.809389	6.677451	7.213624	7.112	7.469017	7.700024	7.853023	6.784024	7.94261	7.336795	6.545491	6.224718	6.726315	6.680153	6.296665	6.034001	5.599075	6.664457	7.688525	7.703302	6.953808	6.827702	6.653125	7.268033	6.337737	6.25848	7.348765	5.557637	5.535118	5.374058	6.190539	5.630132	5.162388	5.733747	5.948641	6.92338	6.728762	6.023424	6.501574	6.497909	5.826021	6.304919	6.414564	7.824458	6.468827	6.372629	6.185855	8.07933	8.19811	7.559591	5.631593	7.661934	7.588052	8.219028	7.36182	5.984355	5.48973	7.572759	5.804588	5.631593	6.724979	6.114614	6.096088	5.667201	5.597442	5.576713	5.726422	5.840844	5.803673	6.250933	5.742222
RTEL1-TNFRSF6B	6.801385	6.866893	6.145591	7.330044	6.8798	6.851492	6.972404	6.961015	7.647216	8.569082	6.982692	7.594309	7.36711	8.031514	6.752774	6.679665	6.978817	6.552566	6.940974	8.562181	6.508459	6.656194	7.131437	6.859712	6.845794	6.638858	6.442329	6.895945	9.493603	6.78323	7.468316	7.403393	7.578343	7.132384	7.82764	6.957396	6.81276	9.481607	7.265071	7.181436	7.014204	6.749097	6.816779	7.966342	7.20272	7.843426	9.884772	10.104159	7.59371	8.179555	9.746314	8.894591	8.702385	8.520039	9.544467	9.504727	8.174954	7.706514	9.609214	8.518095	8.714821	6.963998	9.195287	7.760523	8.163522	6.909438	6.515682	7.666827	8.574622	6.251987	7.728853	6.91359	6.62645	10.057249	9.288742	6.456587	8.698621	9.266799	6.876023	8.768387	9.219143	8.69126	8.913471	9.583407	9.439315	9.33546	8.379452	6.77839	6.918343
PFKFB3	7.918735	7.980501	8.819394	8.587613	7.767813	7.69663	8.158998	7.56277	8.996121	8.441361	7.233242	6.25542	7.168556	7.038905	7.471372	7.030947	8.213823	6.655604	8.125315	7.707851	7.985579	7.428106	7.711477	7.19121	7.137929	7.980241	8.010156	7.94812	8.997115	8.663107	8.43715	7.612594	7.886365	8.688125	8.90947	8.038328	7.014175	7.70914	8.018512	8.238094	7.72963	6.925185	7.715558	8.866156	7.767964	10.072992	10.099518	10.3421	8.711019	9.543603	10.465581	9.405905	8.487055	10.165373	9.771512	10.114841	8.764343	9.23891	11.348513	9.081842	8.645928	7.179722	9.194536	8.330133	8.471777	7.020157	7.235841	7.603731	9.196131	7.52508	7.794834	7.426118	7.660417	10.556897	10.401183	7.29342	9.498322	8.973728	7.473499	10.13841	9.178344	8.704689	8.991099	10.261547	9.761882	9.480401	10.566377	7.578483	8.890326
LOC101929549	8.940158	8.499821	8.514082	9.11527	8.622785	8.574256	9.133786	9.254345	9.60618	8.738569	8.486965	8.77012	8.659718	9.346772	9.255919	9.149946	9.083288	9.163476	9.545689	8.6431	8.687942	9.211947	9.267797	9.226366	8.60138	9.585754	9.421326	9.633712	8.627194	8.475738	8.372011	8.416255	8.154285	9.004263	7.860677	8.368578	9.417589	8.838485	8.457806	9.170323	8.702743	9.134436	9.114495	8.160404	8.20267	8.244395	8.108503	7.510473	8.256697	8.113186	6.82663	8.379052	7.779755	8.079017	7.152356	8.049031	7.974161	7.976201	8.402256	8.570844	8.102506	9.275465	8.135146	8.407478	8.416816	9.043658	9.20462	8.85299	7.966669	8.830987	8.910803	9.225384	8.863273	8.503214	5.918441	8.831513	8.011502	7.706618	9.164603	8.094093	8.891894	7.968443	8.037911	7.406799	8.611777	8.778797	7.529392	9.344999	8.784799
TRPM6	8.316762	8.573845	9.290482	7.432059	7.824257	8.70166	7.304612	9.023367	6.806226	7.562311	7.224126	8.320843	7.853751	6.306203	7.713587	8.606041	7.030736	8.437832	6.936795	7.028859	7.944204	7.800333	8.208233	8.41534	8.659199	8.289734	8.83462	8.151134	8.009314	7.487109	6.444785	6.860292	6.066506	6.880478	7.073917	8.499544	7.730997	7.92897	7.007324	7.504896	6.959672	7.627424	7.109851	7.038678	8.999541	5.816022	6.549715	6.272208	7.030997	6.339135	6.711983	6.944143	6.840512	6.195668	6.768293	5.898874	6.171426	5.93347	6.880658	7.098061	7.226559	8.317151	7.030104	7.365059	6.780709	8.312815	8.521297	8.058125	6.344846	8.254937	7.978319	8.722172	8.312157	6.375256	5.467335	8.648068	6.501826	5.629389	7.58249	6.307622	7.143473	6.072559	6.131487	5.539373	6.283106	6.099456	5.771517	7.513269	7.849976
CXCL1	7.16322	7.250177	7.051439	7.249983	7.977157	8.293861	6.218063	6.184637	8.647901	11.32544	6.437574	6.700155	6.508415	6.925034	6.682609	7.919274	6.451277	6.296939	7.860231	10.926655	6.781558	6.307276	6.140684	6.551379	8.1113	5.950516	6.211368	6.100298	11.546901	7.916395	9.051777	6.786369	6.782897	7.785124	10.445482	7.017112	6.375662	10.83542	7.671272	7.884953	6.296432	6.393043	7.263293	9.84416	7.129776	9.348536	11.423543	11.707536	8.372799	10.812082	11.751185	10.067479	10.752784	9.845191	11.119609	11.357472	10.762764	10.903926	11.281595	9.120915	9.749108	6.033711	11.100743	9.228442	8.991272	6.349218	6.037722	7.922863	11.230381	6.09627	9.728833	5.752158	5.793628	11.919661	11.504214	6.570223	10.210431	10.868595	7.858398	11.470916	10.605755	10.384456	10.662216	11.490583	11.194183	10.879166	10.493905	8.44099	7.769244
FBXO6	7.223492	7.952354	6.662605	8.374547	7.499425	8.221521	7.416756	8.193047	7.853729	9.410925	6.286436	7.730012	6.371851	6.987697	8.079037	8.489331	7.371882	8.119535	7.554804	9.311655	6.230432	7.490237	7.567137	6.951531	7.482634	6.751827	7.703917	8.31273	8.700892	8.272881	8.010749	7.103817	7.510936	8.139034	8.114527	8.050156	8.197375	8.077044	8.071071	8.37303	7.897122	8.187117	7.788847	8.143907	7.84983	8.025601	8.499204	9.027121	7.944091	9.247332	9.003958	9.423227	9.706764	7.829724	6.865161	8.318397	7.924445	9.094717	9.500875	9.077958	9.540976	7.33945	8.865731	8.893931	8.635583	7.490237	7.674379	7.659994	8.684153	7.250365	8.32122	7.116061	7.132819	9.040778	8.613359	7.660289	9.710526	8.640876	8.125932	9.19608	8.659791	9.115333	8.605195	9.573908	9.164927	8.825759	9.537488	8.3134	7.758925
PCSK1	7.361114	6.614395	6.714075	7.17049	6.832769	5.339111	6.040516	5.207247	6.328345	6.316428	6.563425	5.040491	4.935473	5.160487	6.022476	5.332237	6.211646	5.127992	6.507093	5.605121	6.347961	5.180705	6.551378	5.565542	7.432433	5.818048	6.062973	6.212384	6.72679	7.577916	6.301983	6.777374	8.840951	6.304794	6.719907	7.065007	5.353673	4.745055	7.306986	5.395062	7.555588	7.702073	5.946897	6.904874	7.14303	6.797702	8.356009	8.845125	7.530868	8.294965	8.454008	8.354981	7.534547	6.297588	7.97173	8.384862	9.15225	9.298506	8.850737	9.011804	8.719553	6.141247	8.003162	7.269599	7.970259	4.569068	5.360922	6.895359	8.182875	5.642898	4.961807	5.295147	4.700995	8.013733	6.167953	5.30957	8.77794	7.861614	5.050231	9.585272	8.690985	7.364988	7.86005	7.797053	9.768916	8.542082	8.913725	8.923094	7.54656
S100A8	5.012127	5.85228	5.435712	6.778765	5.793954	5.805321	5.087519	5.089622	6.903923	8.520768	4.682591	4.79679	4.900361	6.564025	4.985151	5.56803	5.616443	5.183505	6.368348	9.023063	4.976812	4.798094	4.517324	5.076568	4.48994	4.558196	4.010855	5.665256	9.138552	5.562884	6.46759	4.871781	4.657303	5.570002	6.635353	5.189057	4.569289	9.487081	4.968888	6.452211	5.044654	5.040066	5.356767	7.151456	5.462491	7.355889	9.794519	8.836125	6.552262	8.091145	9.602843	7.997097	8.300873	8.577333	7.320366	8.833759	7.756065	9.338687	10.893511	8.679934	9.174449	5.65189	7.366812	7.426899	9.117484	5.23891	4.975707	5.88943	8.816918	4.984076	6.215673	4.96914	4.862865	10.431746	8.462592	5.429395	8.533047	7.985856	6.250891	9.124937	8.688264	7.391864	8.641905	8.935647	8.741357	8.134503	11.024741	5.490329	6.713841
ANXA5	10.302094	10.564009	9.715691	11.292485	10.778308	10.428386	10.984321	10.441358	11.217741	11.398516	10.746262	10.651745	10.639448	10.29827	10.513752	9.422823	10.466422	9.887804	10.671944	11.091778	10.895464	11.18057	10.389123	10.22217	10.487948	10.661129	10.542712	10.534372	10.866908	11.05093	11.174289	11.627211	12.47296	11.522697	11.568511	11.255568	10.303125	10.774015	10.155997	10.694534	10.968793	11.201078	10.858431	11.139743	10.443762	11.916525	11.273427	11.364941	11.509615	11.483427	12.05047	10.544644	11.728764	12.125199	11.509615	11.506758	10.951598	11.489047	11.728764	10.904895	11.182034	10.389123	11.488724	11.601653	11.608049	10.688775	10.146091	10.487948	11.811868	10.598347	10.184656	9.848821	10.665001	11.414692	11.858327	10.063721	11.563471	12.078521	10.336893	11.601653	10.987988	11.612593	11.725282	11.867159	11.325336	11.725282	11.939502	10.890399	10.443631
DHRS11	10.645639	11.379543	9.424441	10.402309	10.570957	10.913793	10.915861	10.891527	10.005598	10.381015	10.022781	11.240212	11.002388	10.205056	10.787332	11.543466	10.680439	11.150974	10.420711	10.152847	10.460249	10.877977	10.820915	11.252138	10.471095	10.603557	10.951658	11.231568	10.30641	10.085826	9.347997	9.655257	10.221471	9.823633	9.007825	10.551475	10.953456	10.841215	10.077881	10.356217	10.01845	10.834167	10.157207	9.361889	10.268105	7.596039	9.17973	8.123253	9.793389	9.060101	8.01135	8.942088	8.96983	7.596039	8.950741	8.729927	9.137109	8.966039	9.047514	9.143602	9.625032	11.037437	9.582796	10.212039	10.141947	10.768118	11.240015	10.668436	8.744255	11.027255	11.084566	11.295972	11.244661	8.923193	6.301765	11.249881	9.302346	7.896361	10.851874	8.139905	10.296127	9.330375	8.571727	8.283762	9.000107	9.56861	7.552114	10.267516	11.599949
ICOS	5.526224	5.861633	5.660017	5.233432	5.216148	5.614513	5.300278	5.329858	5.14513	5.75387	5.720983	5.884613	5.768834	6.064541	4.964017	5.378531	5.513545	5.256531	4.920647	5.727978	5.998232	5.435584	5.491802	5.667248	5.636991	5.474216	5.461118	5.728157	6.704719	6.301688	6.221618	6.287924	5.783045	6.407445	6.712743	6.192234	5.836251	6.209992	5.983654	5.218693	4.779928	5.089215	5.225373	6.535189	5.256088	6.965196	6.086863	7.630008	6.255576	6.603523	7.095232	5.697651	7.34227	6.549592	6.116948	6.763364	6.687078	6.588231	7.78822	5.862781	7.064178	5.698383	6.894833	5.83292	5.478036	5.247503	5.26322	5.807468	7.341943	5.438334	5.535573	5.20412	5.308245	6.642242	8.404945	5.314515	7.241183	7.268506	5.525677	7.279685	5.27884	5.638283	6.706509	6.973159	5.985179	6.353482	6.333172	5.734872	5.542527
ISX	10.279689	11.301647	9.525089	10.165926	9.7507	10.427322	9.826884	10.184008	9.297942	8.866763	10.084751	10.653106	10.630266	10.216222	9.921496	10.528086	9.867785	10.493935	9.850422	9.46894	10.780824	9.872487	10.329537	10.422418	10.761491	10.307445	10.516637	10.764353	9.71666	9.17413	9.360601	9.618961	8.055462	9.123074	9.429616	10.266943	10.650546	10.003804	9.74345	9.546029	9.551325	10.160304	10.322831	9.948889	9.934785	8.268479	8.171111	7.834423	8.648598	9.342701	6.667514	7.761673	8.020606	7.578208	8.362745	9.069869	8.41157	9.599353	7.211794	8.413768	8.996412	10.650896	8.644812	9.356863	10.155724	10.692476	10.136553	9.963467	8.579854	10.1455	9.327601	10.406573	10.780824	8.88788	5.366408	10.667007	8.826152	8.692169	10.191759	8.208356	9.829705	7.744518	7.801611	7.296491	8.846734	8.980377	7.6121	10.146461	10.656546
PROS1	9.319471	9.250254	9.757807	9.406878	9.37923	8.936868	8.446987	8.71917	9.388182	9.146276	9.165076	8.898925	7.737811	8.829747	8.825144	8.122565	8.725388	8.536341	8.750612	8.692623	10.394351	9.140759	8.896147	8.387934	10.1819	9.473087	9.582448	8.64478	9.067593	9.625741	9.670143	9.535244	8.233793	8.315137	8.532664	9.111466	8.689746	7.199749	9.212727	8.419347	8.523673	7.505672	7.301293	7.507577	8.829196	8.53938	8.40436	8.564135	9.478935	8.398423	8.796254	8.796753	8.169669	6.264773	7.82016	6.314476	8.400692	7.669063	6.792176	8.357229	7.2659	7.167493	7.380232	8.656276	8.852688	8.317265	8.323333	6.492522	9.122432	7.921333	7.490066	8.141518	8.359626	7.877876	9.074138	8.119326	8.383364	8.803244	8.186474	8.33938	8.233974	8.489879	8.665431	8.86909	8.83907	8.73373	8.848034	8.245538	9.034587
ZBED2	4.764148	4.81391	3.625031	4.042981	4.269614	4.529403	4.579806	4.63451	4.354528	4.029453	4.532235	4.56481	4.644437	4.649074	4.570652	4.742456	4.387185	4.31555	4.352482	4.682298	4.433863	4.500227	4.308234	4.653589	4.375329	4.473914	4.252684	4.552345	4.868841	4.975468	4.388661	4.66624	5.222175	4.979777	5.220923	4.919638	4.626152	4.664797	4.876847	4.554956	4.358474	4.583299	4.438358	5.272127	4.984397	5.483825	5.627839	6.968273	6.118111	5.391893	6.632196	5.123409	6.393349	4.576563	4.784983	5.567044	5.284004	5.675585	5.881525	5.09165	6.228916	4.471878	5.190412	4.611103	4.460785	4.536689	4.574632	4.469844	6.249231	4.649325	4.49671	4.144935	4.360365	4.728601	8.187988	4.200682	5.2349	5.755058	4.658807	6.161589	4.507319	4.858877	6.593057	6.719063	5.514891	5.143177	5.308869	4.296394	4.385116
LOC101928789	5.179465	6.290329	4.310843	5.826826	6.167292	6.798633	5.485367	5.830061	4.974092	5.615471	5.20065	5.412482	5.494939	5.576633	4.532041	4.919104	4.893166	4.882679	5.28089	5.256912	6.351415	5.50457	4.703995	5.756658	6.060325	4.791341	5.099556	5.838366	7.148574	7.255055	5.723482	5.743873	5.671294	7.071888	6.792936	6.57032	5.470396	6.226652	5.563485	5.268818	4.869391	5.434264	5.079957	6.023561	6.020263	7.598229	6.541891	8.375742	7.148172	6.393058	8.464579	6.774573	7.625169	5.857096	5.553561	6.681854	6.39423	6.237459	8.014699	6.065393	6.861976	5.235035	7.422749	6.247622	5.266264	4.86782	5.028286	5.906017	7.444717	5.706444	5.105962	5.018745	5.045314	7.00282	9.126015	5.344102	7.032899	7.375494	4.958422	7.632925	5.023233	6.312142	7.685005	7.291083	6.595929	6.518213	6.950427	5.743796	5.790429
TAP1	9.003126	9.017552	9.038924	9.843866	9.109727	10.244707	9.032451	9.85131	9.590447	10.749826	8.60531	8.689955	8.608688	9.202945	9.081087	10.279207	8.934445	9.144239	8.982013	10.621497	8.818184	8.909414	8.625993	8.833887	9.179937	8.905606	8.949873	9.273757	10.893119	9.710281	9.703512	9.332614	9.448972	9.252346	9.641127	9.293718	9.447008	10.746637	9.557184	9.454594	9.209467	8.714841	9.006154	9.611249	9.173819	9.58285	10.372915	10.644789	9.709542	10.794852	10.701828	10.241577	11.076757	9.46762	10.213862	10.294332	9.714872	10.687403	11.089322	9.847915	11.074346	9.731833	11.047028	10.044801	9.664215	9.118004	8.884465	10.067743	10.469652	9.234765	10.069157	8.670464	8.694326	10.389332	10.932071	8.748034	10.960261	10.193374	9.264487	10.493084	9.960617	10.154525	10.385457	10.77936	10.179339	9.98057	10.915882	9.949201	9.880758
ADH1C	12.106128	12.477169	12.398351	12.248093	12.078196	12.90811	12.594054	12.358911	11.706283	12.4065	12.640536	12.308929	13.288301	12.477169	12.308929	13.167189	12.45287	12.932355	12.11218	12.568541	13.517334	13.032214	12.722324	13.011995	13.004834	13.032214	12.662477	12.391211	11.407914	11.945614	12.805309	12.227228	11.906263	11.836501	11.487161	12.13051	13.092175	11.958424	12.227228	12.552895	12.898066	13.167189	12.337608	11.706283	11.733314	10.767581	10.239994	9.824274	11.469109	9.93946	8.156191	9.291429	9.882606	10.411965	11.123024	11.354832	11.387876	10.645104	8.979304	10.662682	10.579423	13.108167	11.106382	12.135654	11.325639	13.108167	13.171992	13.308743	10.218064	13.373265	12.735338	13.02472	13.073491	10.833874	7.316241	13.229861	10.790753	10.841459	12.43641	10.923512	11.411161	9.358609	10.567181	8.12271	11.341923	11.505365	9.211478	12.810844	11.609933
FCGR3A	5.20839	5.111859	4.408553	5.384235	5.405888	5.533802	4.900917	5.439187	5.148809	5.53334	6.281366	6.560594	6.370513	6.390642	4.98037	4.911938	5.283029	5.385578	4.911507	5.582518	4.516042	5.613072	4.414528	4.598219	4.244351	4.437236	4.871202	5.632594	6.42506	5.759702	6.155649	6.270094	6.068545	5.341641	5.999775	5.113218	6.300941	6.632143	6.226619	5.0789	5.391875	5.306841	5.079209	5.933529	5.41726	5.816952	6.489471	6.110886	5.475658	6.546932	6.760398	6.418977	7.368913	6.626637	6.371874	6.65799	6.456584	6.974128	8.801773	5.247336	5.882423	4.792156	7.415378	7.34268	7.00991	4.379113	4.212889	5.702729	7.342474	5.634618	4.532282	5.571756	4.561386	7.093169	7.723221	4.817901	7.820502	7.039951	4.315806	7.396586	6.070635	6.772343	7.146361	7.527973	6.56102	7.418017	8.398755	5.864324	4.731331
FAM101A	9.135846	8.296547	6.924919	8.849049	8.853389	8.286412	9.154893	9.178038	8.846702	7.826245	8.573528	8.650689	8.247145	8.925267	8.918193	8.742511	9.168625	9.303153	8.995769	8.087222	9.073243	8.952317	9.828786	8.771613	9.011835	8.847529	8.591401	8.552944	7.739036	8.053469	8.31552	8.414599	8.551843	8.801493	7.952561	8.59648	8.345576	8.233617	7.969292	9.206155	9.066833	9.064818	9.142253	8.536668	8.324363	7.634041	7.895203	7.192864	8.5906	7.370023	7.043759	6.991024	6.793903	7.862037	7.740333	7.513916	8.149289	7.238454	7.66086	7.86706	7.663358	8.993963	7.761675	7.969958	7.806334	9.058644	9.27112	8.377009	7.003056	8.507412	8.932096	8.757686	9.535624	7.75906	6.851354	8.540866	7.60402	7.346602	9.096001	7.763009	8.24561	7.525291	7.470979	7.23507	7.862049	7.751263	7.407074	8.786667	8.160615
UGT2B28	6.880505	7.685061	7.247295	7.461106	7.384198	7.602251	6.918677	7.018028	6.869294	7.442907	7.407316	7.39839	8.006901	6.267184	7.043862	7.440217	7.13262	7.600741	7.382963	7.78126	6.822367	7.602315	7.767599	7.864376	7.267037	7.774303	7.339656	6.885643	6.657457	7.012184	7.258696	7.490976	7.081043	6.456351	6.138911	6.943904	7.627072	5.568898	7.984495	7.093835	6.806563	7.361263	6.944875	6.739659	6.766752	5.485003	6.648968	6.15512	6.431404	6.311735	5.75065	5.60469	6.668302	5.59165	7.267665	7.178039	6.744015	6.903776	5.502444	6.015399	6.925753	7.254452	6.727635	6.260135	7.244067	6.697039	8.062185	7.047011	5.569069	7.403338	6.810088	7.976081	7.638362	6.211998	5.27077	7.980252	6.49572	6.189312	6.916065	6.079421	6.572025	5.922738	6.630654	5.337602	6.598153	6.41537	6.308165	7.486169	8.230517
SCUBE2	7.085972	8.299877	8.238935	7.201435	7.305181	7.704347	7.682618	7.582172	7.761646	7.130347	5.936502	5.882048	6.660177	5.630991	6.996644	7.551454	6.788639	7.593941	7.744949	7.120436	6.801178	6.799561	7.727305	8.150259	7.198895	7.388002	6.613629	7.779291	6.51816	6.959718	6.299203	6.555555	5.842326	6.972224	6.540163	6.576892	7.298759	5.745644	6.019693	6.927599	7.580756	7.084368	7.008413	5.918509	5.655766	6.834299	5.815096	6.473182	6.891215	6.556611	6.046993	6.158773	6.097912	5.481374	5.836087	5.871837	5.674958	5.521495	5.559587	5.632094	5.79097	7.594304	5.690039	6.34515	6.570838	7.041489	7.482029	7.617209	6.200999	8.229091	7.084343	8.205483	8.190436	5.980832	6.053097	8.271526	5.603193	5.325844	6.647573	5.608047	5.84632	5.931385	6.447592	6.226758	5.61941	6.084791	5.241439	6.032789	6.649446
KYNU	5.67787	6.004685	5.929516	6.925972	6.401915	6.352703	6.270797	5.916283	6.960526	7.121259	5.081922	5.293503	5.232847	5.202655	5.719792	5.429792	5.302083	5.437234	5.524227	6.119232	5.826993	5.921011	5.239752	5.571429	5.728412	5.327702	5.652818	5.93589	7.182106	6.657256	6.896855	6.012222	5.45671	6.076676	7.167526	6.213074	5.137861	6.440495	5.350348	5.645669	5.51546	5.372015	5.335214	6.853103	5.398021	7.217638	7.421504	7.887896	6.907391	8.109461	8.117075	7.037657	7.865041	7.607443	7.104918	8.362681	7.060003	8.197021	8.203649	6.681244	7.41826	5.427023	7.299614	6.756525	6.881944	5.589612	4.966665	5.630056	7.524534	5.733619	5.517548	5.195157	5.411988	7.922589	7.771872	5.79764	7.71291	7.969001	5.904171	7.3989	6.973394	7.850639	7.903659	7.932089	7.574302	7.565254	7.469015	5.970186	5.793292
AQP8	12.015282	13.234744	12.361496	12.115723	12.533081	13.65525	12.447944	13.299593	8.806408	12.691055	9.469434	11.153517	12.186444	8.466501	11.429311	13.491381	10.650369	12.186444	9.039059	10.529095	11.256579	11.837543	12.633137	13.517366	12.977721	11.789937	13.180266	13.463251	11.071861	9.672878	8.888723	11.267566	7.136585	9.546091	6.780704	13.234744	12.866993	11.734634	8.255373	9.983264	10.530882	12.02625	9.993196	6.536875	13.605076	5.0629	6.816148	5.349633	9.261402	10.082996	6.877458	6.83225	10.133755	7.01664	8.005588	6.450847	6.421874	10.275684	6.677265	6.689004	10.234372	13.360676	8.954048	11.374931	10.03714	13.529602	13.689242	11.70002	5.883206	13.453163	12.915759	13.726989	12.945447	9.416531	5.890492	14.165602	8.577442	6.550983	13.180266	6.006443	8.148012	5.944159	5.571797	6.259137	6.625533	6.132833	6.517747	11.101732	6.300395
VNN2	5.778809	6.275562	7.230176	6.643933	6.34398	6.506937	5.655694	6.049941	5.845756	6.583544	5.911321	6.034834	5.805869	6.46546	5.233273	5.799727	6.450465	5.820655	5.65968	7.609902	6.240745	6.177038	5.867402	6.506208	6.286541	6.220129	6.339506	6.260527	7.841155	7.304919	5.930335	5.97307	6.274422	7.620045	6.98899	6.768049	5.73907	7.874779	6.195497	5.40892	6.007095	6.274232	5.963749	7.434087	6.451905	7.952768	8.009018	9.170979	7.572218	7.526203	9.040013	7.67185	7.46612	8.530988	6.325067	8.250615	7.588768	8.124121	10.809389	8.063668	8.003787	6.193729	7.361978	6.146484	7.160583	6.028159	5.985692	5.691496	8.000463	6.049494	5.97348	6.035033	5.98276	8.712527	10.000681	6.340692	8.073882	7.47954	6.024841	8.553731	7.395148	8.137653	7.503513	8.368646	7.7102	6.729115	9.030918	6.133028	6.057687
SLC7A11	6.215752	5.880108	6.611146	6.864721	6.980057	6.066929	6.199111	6.231179	6.705175	7.227943	5.439701	5.186916	5.280784	5.810069	6.597713	5.890697	6.641001	5.962348	6.310695	6.695739	5.814329	5.817041	5.794739	5.511434	6.122352	6.143369	5.674314	6.70327	6.672621	6.68542	6.257983	6.205478	5.846737	6.102967	7.455457	5.90389	5.762712	5.774424	6.021552	6.552864	6.447734	5.766332	5.635055	7.299945	5.972606	7.304069	8.336661	8.158382	6.621715	7.605717	8.05329	7.802663	7.341591	7.444968	8.544837	8.224056	6.737602	7.456702	8.002228	7.708044	7.111089	6.194436	6.67291	7.029131	7.933463	5.543203	6.628274	5.943365	7.151714	6.072331	6.632155	6.29154	5.788105	8.072089	6.571878	5.511434	8.048871	7.174297	6.78487	7.820447	6.883901	7.921521	7.594893	7.341828	7.77312	8.114733	8.278827	6.07907	5.77194
OSBPL3	7.175529	7.153447	6.181683	7.156247	7.430993	7.494481	6.9449	6.73707	6.918996	7.086121	6.143655	5.078	5.250182	5.599805	6.833393	6.415553	6.707309	5.952628	6.401277	7.003276	6.411908	7.177276	5.942096	6.212659	6.329514	5.609448	6.337384	7.195286	7.532514	7.443009	6.972623	7.255482	6.897885	7.224955	7.901186	7.209055	6.101291	5.373164	5.937865	6.733779	6.897885	7.027195	6.563368	7.445305	6.549751	8.347835	7.799282	8.481293	7.367626	8.173854	8.540114	7.711263	7.860088	6.987097	6.580727	7.071238	6.511073	7.570426	7.379884	7.14301	7.405707	5.883047	7.638313	7.149976	7.339272	6.250747	6.633419	6.393937	7.777854	6.712575	6.009443	6.106692	7.252832	7.747766	8.581413	6.343743	7.752	8.008989	6.740501	7.719886	6.663752	7.954774	7.945927	8.060198	7.477823	7.511462	7.400217	6.844522	7.13493
STOM	7.28359	8.125293	8.709241	8.407155	7.916302	8.044379	7.752556	7.565165	8.278142	9.347605	6.133234	5.983964	6.102628	6.654012	6.366645	7.414684	6.820695	6.232867	6.741898	8.86065	7.037812	7.291565	6.840652	7.039793	6.669833	6.501146	6.417769	8.049587	8.511932	7.843335	8.3957	8.151425	8.237154	7.727476	8.289907	7.639875	7.447178	7.812506	6.215763	7.562567	6.876434	7.160018	6.160355	7.781009	7.36445	8.499194	9.324916	9.014006	7.977696	8.49198	9.085569	8.952973	8.828916	7.632765	9.069689	9.022903	7.399636	8.406548	8.504923	8.167764	8.423178	7.311584	8.312507	7.879546	8.219204	7.529507	7.278759	7.685891	8.41521	7.332692	8.767586	7.419581	6.387955	9.140014	9.01126	8.008057	8.86045	8.574886	7.252408	8.640437	8.229294	8.433186	8.62707	9.124293	8.550004	8.507129	9.160689	6.981198	7.822906
PCK1	10.544615	12.401648	12.038667	11.05891	10.106847	11.928327	8.97455	12.077375	6.62489	9.026192	10.929646	12.803158	12.014542	11.311425	10.458229	11.771123	9.508045	11.796939	9.236084	9.085787	12.232575	11.747039	12.288055	11.834611	11.524742	11.704966	12.149009	11.004772	9.741897	10.618061	8.489717	10.275663	10.040728	9.05653	8.625702	12.632943	11.561056	9.426615	10.694777	9.919588	9.903517	11.745328	10.029231	8.33888	12.401648	6.436058	6.173713	4.985624	10.958413	6.230641	6.203094	7.835445	7.721757	6.121683	8.028068	5.724571	9.704999	7.223106	7.325452	8.905714	7.808105	11.681074	8.245952	9.92287	9.882445	11.573006	11.809729	11.499494	7.572698	11.93286	10.332005	11.966758	11.661771	6.61379	5.093554	12.248594	6.441581	4.906288	11.27774	6.435541	9.311317	6.868072	8.282491	5.380894	7.758648	8.300361	5.332428	10.668027	11.42462
BRINP3	4.976129	6.745301	6.579627	4.404381	6.125427	7.171585	5.781965	4.844205	4.457301	6.099323	4.680208	5.004545	5.900892	3.742709	5.50561	6.58973	5.789755	5.325868	3.952346	6.20796	7.150966	5.911271	6.109607	6.566251	4.874767	5.70513	6.200798	6.393874	6.195281	6.038245	3.959501	3.833901	3.585001	4.648307	5.442068	4.636023	6.102711	4.869664	5.411698	3.540275	3.635802	4.335597	4.744903	4.800251	3.765296	3.591021	6.485167	4.869864	4.79362	3.831419	3.880405	3.994467	3.952346	3.623864	5.810257	5.247497	3.902873	3.763257	3.699888	5.258995	4.193794	3.706017	4.688598	4.281978	3.921287	4.019683	6.97016	4.690644	4.272177	4.526363	4.046774	6.520878	6.766711	4.055455	4.145068	6.746874	4.15257	4.013629	4.144276	4.185761	4.431442	4.180418	4.152087	4.082432	4.190019	4.538198	4.009505	4.401485	7.891843
TMEM72	7.088028	6.994295	6.291658	6.474133	7.337433	7.548578	6.830342	7.620682	5.968854	6.8842	7.092953	7.556142	7.659881	6.686484	7.497735	8.127163	6.769467	7.897382	6.138025	7.123746	7.361747	7.328176	7.315199	7.607407	7.842605	7.320955	7.905084	7.685005	7.502599	6.543153	6.038977	6.4924	6.3821	6.298255	6.110834	7.163785	8.276575	7.937578	6.918562	6.4623	6.544077	6.994098	6.659639	6.419455	7.318318	5.635654	5.99053	5.742404	6.232068	5.731154	6.072886	6.044878	6.079428	6.346336	6.374876	6.337331	6.16887	6.046459	6.355444	6.875336	6.778393	7.607112	6.635091	6.529028	5.902711	7.399046	7.658849	6.78559	6.079769	7.31058	7.776589	7.621453	7.557098	6.025602	5.743905	7.292596	6.301419	5.665512	7.016399	6.191055	6.651885	6.088172	5.70118	5.525145	6.32317	5.980172	6.182486	6.849425	5.698976
UGT2A3	8.424829	8.978538	10.152278	8.85509	8.440703	8.148	7.675496	7.593254	7.347821	8.738006	9.875748	9.872746	9.922574	7.844277	7.500641	7.042265	7.758881	8.351339	8.350147	8.817751	9.215214	9.489891	9.597591	9.985888	9.40106	10.046488	9.592374	7.731382	8.089621	8.070003	10.116186	8.996252	8.861639	6.758739	6.632019	9.009055	8.981304	7.430722	9.764093	7.818124	7.720683	7.968963	7.002566	5.395562	9.309745	5.05955	6.12754	4.769991	8.101133	5.72371	4.905276	5.142971	6.442612	3.967921	8.733561	7.931686	8.674919	5.393684	4.064081	6.214336	7.188333	8.024461	7.424213	6.60598	6.54804	10.424386	9.798907	6.660652	5.455432	9.24906	9.126776	9.32097	9.181777	5.939197	5.11911	9.749354	7.934603	5.551284	8.921821	6.177023	5.092657	5.256722	4.999796	5.430725	6.024594	5.28537	5.258912	7.868766	10.793181
ZC3H12D	7.94559	7.973685	7.812611	7.82469	7.643411	8.180506	7.468918	7.522941	6.613948	8.020432	6.76185	5.627866	5.530613	5.971733	6.947871	7.094812	7.150288	6.643833	6.606167	7.974921	7.031613	7.849951	7.295479	7.783442	6.75201	6.454501	7.649666	8.05319	8.411936	8.222738	7.904088	7.806758	6.960754	8.195833	9.118626	8.441768	6.592116	6.518057	6.852316	7.679166	7.746173	7.228603	6.58462	8.882342	8.702681	8.635216	8.594502	9.467588	8.69239	8.697627	8.77922	7.437354	8.487366	7.484363	8.674623	8.248063	8.370303	8.55002	7.824973	7.251412	8.090949	7.574333	7.823217	7.593464	7.129755	6.805835	6.266634	7.492168	8.412254	8.122276	8.42318	8.080798	7.221864	8.515268	10.306619	7.940222	8.110697	7.906404	7.801416	8.268375	7.556344	7.512639	7.915937	8.851032	6.476455	7.959661	7.501763	7.497648	8.982792
VSNL1	6.22319	6.169755	5.785396	5.941664	6.351021	7.49818	6.068057	5.898261	5.971226	6.695057	6.329208	5.549861	6.115572	5.591183	6.48528	7.667833	5.915317	6.265697	5.683091	7.102775	5.679974	5.793109	5.767105	5.987141	5.852687	5.926024	5.992817	6.484075	7.178288	6.699003	6.116472	6.143764	5.54637	6.281791	7.162889	6.302095	6.563175	6.550917	6.748556	6.197668	6.182301	6.588274	6.577259	6.370341	6.109032	6.144511	8.14882	7.228875	5.93251	8.252115	6.579611	7.436094	8.305154	6.306288	7.254135	7.011921	7.218381	8.419521	7.030119	8.05303	8.276773	6.599604	7.984762	7.140649	6.816945	6.864489	6.093829	6.91202	7.206417	6.890241	6.668248	5.989112	5.80122	6.824673	6.007763	6.502075	7.904511	7.592288	6.000601	7.728832	6.202397	8.187209	6.852671	7.723967	7.38314	6.687547	7.889006	7.244442	4.842148
SELL	5.563924	6.708625	4.950781	7.076883	6.623584	8.142628	7.113747	6.787891	6.723418	7.413934	5.698058	5.816633	5.748412	6.960045	5.181735	6.054604	5.711537	6.073003	6.455452	8.347176	8.003635	6.613882	5.535905	8.384165	7.812474	5.91448	5.246174	7.777077	9.109381	8.890111	6.760804	6.273275	6.150186	9.024238	8.844804	9.293261	6.061672	9.158985	5.431985	6.294068	6.100879	6.673331	6.077037	8.335593	8.232337	9.099295	9.532477	10.903296	8.199955	8.082655	10.742934	8.191378	10.45095	9.444794	6.063416	9.782708	8.371874	8.931073	12.027549	8.005079	9.316088	5.568238	8.393606	8.063718	8.23863	5.592127	4.632461	7.042288	9.984764	7.027965	6.990404	4.997746	5.306971	9.595738	11.97456	6.648103	9.967684	8.842998	5.569856	9.994952	7.383339	8.162589	9.870866	9.826267	8.471965	9.065783	10.666463	7.38431	6.287019
TCN1	4.963956	5.240502	6.808323	5.174835	5.407302	5.158269	5.188941	4.906901	5.544312	5.491406	5.169493	5.454976	5.637694	5.241765	5.506894	5.314032	5.359694	5.685235	5.818351	5.915114	4.730704	4.83444	4.792628	4.812226	4.665057	5.064475	4.7735	4.745172	6.291937	5.305926	4.889247	5.144981	4.916472	5.600634	6.413052	5.508888	5.357926	5.504207	5.521151	5.143537	5.323129	5.789842	6.165093	6.195033	5.705498	8.093392	8.914535	8.739288	5.31815	7.03657	8.791719	9.016058	7.802795	10.534279	8.933296	8.349069	7.285157	7.103206	9.766272	7.848792	7.647423	4.90775	5.482372	5.2525	8.297899	5.163288	4.830803	5.17321	7.620841	4.971357	5.01833	4.811856	4.940812	7.754103	7.904832	4.916826	7.2777	9.91812	4.827597	9.088671	9.830304	8.375149	9.245148	9.51087	8.491332	4.823595	9.803661	5.406225	5.731174
EXPH5	8.028167	7.796027	8.675599	7.812665	7.607528	7.62118	7.414422	7.643178	7.115431	7.397188	7.925803	7.388922	8.321335	7.903991	7.501757	7.467882	7.7288	7.839439	8.016088	7.284481	8.137059	8.017445	8.176556	8.116141	8.189749	8.392665	8.399722	7.628229	7.581387	7.853502	7.715725	8.005701	6.37652	7.462902	7.206208	7.607528	8.047106	7.139451	8.098715	7.904399	7.895971	7.42147	7.889925	7.925075	8.279855	6.373142	6.38756	5.842476	7.632985	6.922023	5.879963	6.180256	6.277109	6.196531	6.946427	6.191506	7.469051	6.961274	6.29126	6.829447	6.851397	7.986809	7.073276	7.349897	7.226909	8.168786	8.242319	8.066872	6.678747	7.955939	8.012358	8.147126	8.394896	6.95851	5.155474	7.894571	6.633268	6.106561	7.642139	6.724959	7.589404	6.561268	6.414378	6.105982	6.47274	6.573432	6.153215	7.81874	7.182014
CPXM1	5.787125	6.313253	4.735527	5.836714	5.859322	6.216245	6.039355	5.91738	6.1258	5.832324	6.129134	5.863859	5.943431	5.970243	5.368609	6.125609	5.722121	5.813867	5.259013	5.475621	5.477605	5.424088	5.460324	5.434949	5.213135	5.223132	5.414711	6.041053	6.613145	6.418271	6.274512	5.834011	5.912292	6.470352	8.37892	5.853803	5.738882	6.139325	5.860127	5.816288	5.771427	5.922554	5.753497	6.549382	5.941016	6.835918	7.861456	8.396808	5.728426	6.983098	8.128196	7.490379	7.204782	5.940448	5.837167	7.420584	5.754567	5.964955	5.965401	5.619658	6.308021	5.727123	6.309625	7.861208	6.786438	5.815364	5.611162	5.9231	7.658205	5.699129	5.406524	5.658652	5.157171	7.769509	6.62536	5.485657	6.984127	8.502524	5.852318	6.58404	5.840407	6.747459	7.374118	7.53834	6.700748	6.14699	7.575741	5.812303	5.595358
IFITM3	10.848123	11.489803	10.797504	11.399637	11.748255	11.607578	11.850848	11.426731	11.775481	11.914083	10.682463	11.69559	10.50059	11.286426	11.572809	11.766166	11.293578	9.926715	10.321839	11.607578	11.201289	11.382167	10.863936	10.955536	11.495814	10.725895	10.511537	11.0099	12.474354	11.861441	11.222134	11.31682	12.130531	12.044582	11.949243	11.585329	10.598238	12.559265	11.392363	10.625233	11.202674	10.991029	10.808798	11.748255	10.816712	12.078049	12.510806	12.402128	11.772026	12.485838	12.636991	13.026614	12.922289	12.290432	11.926607	11.952509	11.902926	12.111527	13.510136	12.451634	12.653417	10.810163	12.752347	12.28464	12.392557	10.686773	10.707728	11.580829	12.413606	10.712851	11.327776	10.770551	11.134932	12.257719	12.890449	11.017942	12.726331	12.32902	11.205494	12.625847	11.956721	12.199254	12.775558	12.76271	12.56283	12.294797	12.945184	11.312057	11.22335
ENTPD5	9.156828	9.352589	9.127467	8.974048	9.357375	9.240773	8.809662	9.108588	8.555386	8.544254	9.046091	9.568503	9.894211	8.661731	8.943192	9.150242	8.806577	9.102313	8.85459	8.509388	9.450527	9.109331	9.400525	9.678654	9.459694	9.424384	9.826153	9.662694	8.59198	8.966967	8.934192	9.051737	8.703963	8.235157	8.005166	9.224795	9.656227	9.134139	9.049321	8.785738	8.845752	8.81946	8.683482	8.38824	9.526691	7.326383	7.65064	7.179443	8.806577	7.900748	7.343113	7.854236	7.482304	8.209812	8.63935	8.465115	8.431239	8.19492	7.399658	8.075744	8.064392	9.397969	8.352499	8.5248	8.34873	9.548291	9.798462	9.477182	7.856933	9.931555	9.364721	9.73804	7.760589	8.175635	6.538927	9.662512	7.699632	7.747159	9.105751	7.605542	8.304399	8.202066	7.866572	7.336387	7.739636	8.065442	7.646538	9.051962	9.29893
KLK1	9.182279	8.454199	8.95209	9.462989	8.974404	8.825232	9.179604	9.380842	9.699991	8.588394	9.166764	8.829714	9.313904	9.492537	9.29641	9.208181	9.418055	9.319877	9.90224	8.63096	9.045145	9.405539	9.384432	9.484883	9.516389	9.76417	9.474169	9.051212	7.766753	9.006531	9.429912	8.676161	8.432702	8.851186	7.482448	8.885115	9.171494	8.535119	9.47698	9.804246	8.905208	9.135302	9.233148	8.187158	8.966031	8.131502	6.847698	7.493666	8.824159	8.093412	7.334518	8.531007	7.684549	8.388446	6.959981	8.269557	8.885621	8.621761	8.252775	8.96994	8.052252	9.436064	7.78013	9.129232	8.977235	9.24473	9.44738	9.34987	7.995162	9.154421	9.412825	9.134881	9.65989	7.64249	6.126835	9.320918	7.680392	7.312351	9.323455	8.334459	9.390303	7.829953	8.451394	6.869083	8.894234	8.932417	8.106144	9.727731	8.164069
C2CD4A	5.518628	5.399468	5.351572	6.20125	6.349899	5.427699	5.580014	5.691123	6.02909	9.028057	5.507054	5.277553	5.271289	5.526037	6.447315	5.239263	5.762399	5.568274	6.628335	8.357307	5.343722	5.554605	5.639933	5.146777	5.405595	5.505445	5.593963	5.763466	8.076141	5.866012	7.186252	5.667606	5.586275	5.570144	8.278403	4.931472	5.501478	7.521463	5.619301	6.934315	6.324933	5.639169	5.719151	8.12558	5.528663	7.121646	7.95111	7.765617	6.281429	7.792169	7.197086	6.921637	7.78362	8.023193	8.377444	7.877271	8.022847	7.52474	7.735013	7.62225	7.144245	5.319055	8.507503	6.274852	8.261725	5.514493	5.859789	5.511515	7.366948	5.207998	6.353474	5.511327	5.353171	8.290031	6.333332	5.904584	7.734711	6.898832	5.926583	8.225873	7.64951	7.182857	8.234571	8.442464	8.69824	8.242323	8.17625	6.457691	5.877514
PROK2	3.821159	3.955557	4.996869	4.681008	3.87651	3.811719	3.824702	4.067246	4.232856	4.99546	3.935602	4.00038	4.017752	4.199963	3.670202	3.801941	4.01623	3.761402	4.248152	5.45271	3.357309	3.998632	3.569514	3.923601	3.765854	3.860181	3.711779	4.0695	6.801062	4.130717	4.239264	4.017399	3.924305	3.814529	4.732166	4.057836	3.878125	5.829447	3.955869	4.136856	3.867812	3.950691	4.043176	5.935805	4.067828	4.425107	7.412685	7.340669	4.497152	6.770052	9.346793	6.52714	5.563235	7.671483	4.530359	6.755953	6.223678	7.952211	10.445744	6.46103	7.286492	3.741354	4.600473	4.34843	7.903804	4.031492	3.698457	3.906101	5.297637	3.745649	4.099631	3.753983	3.653051	8.953903	7.840819	3.453858	5.70499	6.722861	3.726084	7.533439	5.674749	5.145244	7.093522	8.011579	6.836953	6.798126	7.512642	3.85777	4.815803
MTCL1	6.658094	6.175183	7.267556	5.650395	6.495309	6.101458	5.987419	6.242692	6.513709	5.728687	5.201983	4.950414	4.380241	4.836996	5.851414	5.200832	6.121232	5.439751	5.91443	5.717885	6.523254	5.738128	6.128619	5.053415	6.039966	6.417112	5.694277	5.834287	6.345941	7.282527	6.608136	5.872114	8.312128	7.001723	7.280294	6.035441	4.797125	4.620745	6.034236	7.047369	6.803722	6.233184	6.888428	6.952772	6.07348	7.941224	6.771722	7.758795	7.737721	7.415428	7.98067	8.069414	7.319723	7.191933	5.150164	6.465771	7.492122	6.576749	7.752375	7.91708	7.360074	5.0568	5.997345	6.975947	7.644482	4.847733	5.220429	4.823135	7.892281	5.091059	5.382287	5.318293	6.117054	6.586869	7.328568	5.67273	7.063152	7.517394	5.651464	7.596866	7.478924	8.158089	7.553221	8.338121	7.694872	7.761147	8.038487	7.009948	6.455003
GAPT	5.280498	6.299924	5.39913	5.614567	5.977965	7.028459	4.626689	4.739398	4.738452	5.614746	4.40668	4.698406	5.133786	4.423464	4.554633	4.974461	4.614251	4.769549	4.369002	5.73238	6.396341	5.593519	4.070009	6.341246	5.739221	4.56416	3.640503	5.970439	7.349551	6.534342	5.572002	5.121626	4.913553	6.401322	7.644804	6.613955	4.993879	5.8736	4.540662	5.375411	4.66045	5.374241	5.446018	7.374008	5.962248	7.375474	5.87844	7.635582	6.468029	5.908696	7.092277	5.130211	7.593528	7.679549	4.38178	6.346027	5.933603	5.891701	7.801284	5.522202	6.849349	5.450742	5.668112	6.774398	5.184634	5.67843	5.407389	4.707802	6.943792	5.865802	5.597574	5.126655	5.044109	6.960002	8.137134	6.68728	7.587907	7.923124	5.611428	6.355841	5.732701	5.047451	6.750129	6.333723	4.349187	5.701749	5.061667	5.715984	5.847624
ART3	4.460652	4.697846	4.382712	5.150512	4.921858	5.48972	4.938248	4.797051	5.066707	4.909597	4.48488	4.667689	4.329542	4.657812	4.280957	5.276801	4.764588	5.190174	4.299797	5.125631	4.64653	4.788143	4.462953	4.574348	4.420436	4.599126	4.459983	4.582054	5.346476	5.293224	4.589691	4.748822	4.474755	5.181043	5.432141	4.706296	4.50295	4.551433	4.909386	4.924243	5.122138	5.001021	5.104096	4.75406	4.728745	5.793962	6.751908	6.680721	4.981407	8.14049	5.749011	5.879338	7.428683	6.320691	5.656057	5.677815	6.227171	7.532987	6.941935	6.669061	7.46989	4.870418	7.484072	4.862922	7.089021	4.257925	4.516356	4.522007	6.087551	5.05671	4.714699	4.463055	4.400307	6.066349	5.204528	4.77096	6.92534	6.975612	4.886643	5.041539	4.932792	6.94304	6.09636	7.321003	4.851501	6.72706	7.383893	5.271128	4.296733
APOL1	7.105335	7.73684	7.31812	7.929293	7.373946	7.879195	7.709498	7.933486	8.089344	9.385842	7.303354	7.75837	7.494016	8.061376	7.201831	8.114441	7.211683	7.707863	7.064457	8.390441	7.065179	7.567722	7.713321	6.64769	7.03904	7.117569	6.927029	7.196297	9.059688	7.576865	7.945252	8.064788	8.476802	7.762081	8.240307	7.570616	7.704597	8.776983	7.491337	7.560931	7.191056	7.554885	7.484359	7.303883	7.478834	8.046188	9.951532	9.518853	7.704085	9.425951	8.65208	8.824044	9.931753	8.304197	8.981771	9.197215	7.423222	9.346868	9.787813	8.620194	10.189175	7.657879	9.34717	8.969787	8.898401	7.01661	6.942922	8.649732	8.682427	7.399077	8.234733	6.80418	6.865709	9.374785	8.89954	6.818287	9.771386	9.226394	7.554508	8.870236	8.641016	8.514346	9.296052	9.962304	8.979756	8.600173	9.473723	8.176712	8.393323
ANXA3	10.085508	9.503943	6.749373	10.034811	9.908491	8.968855	9.346306	8.884721	9.213537	10.261892	10.665509	9.488646	9.300819	9.648242	10.017838	8.717321	9.753515	9.103593	10.013897	10.553282	10.149369	9.748657	10.173855	9.396159	9.648744	9.669127	9.235894	10.424054	10.17434	9.857884	10.083152	9.843967	10.365521	9.638169	10.250718	9.716626	10.310039	10.400634	10.453423	10.212459	9.946217	10.176415	10.243991	10.245613	10.568766	10.311655	10.347049	10.099238	10.075801	10.89537	9.841401	9.935411	10.179635	10.626298	10.755216	10.813041	10.6634	11.311628	10.120718	10.151805	10.485253	9.137966	10.19245	10.246271	11.137309	9.805537	9.402536	9.44866	10.272394	9.371019	8.840825	9.269783	9.7494	11.025975	8.648441	9.589074	9.872398	10.598624	9.809816	10.452965	10.641587	11.382151	10.670558	10.96001	10.472324	11.112105	10.803217	10.721479	8.718433
BEST2	8.562812	9.512294	9.295534	9.602542	9.962752	9.487979	10.119014	9.718904	10.2173	7.55188	8.280528	9.308683	9.073033	9.074899	9.624691	9.307339	10.315826	9.58326	10.025203	7.478506	9.517934	10.353621	10.292876	10.248322	9.086529	10.440869	9.267266	9.315507	7.566877	8.509907	10.17138	9.58326	7.436502	10.052433	6.433339	9.97669	9.228668	6.97139	8.426382	9.875705	9.243498	9.346398	10.104284	7.417227	9.526659	8.192041	7.489161	7.211835	9.139729	6.454441	6.529551	8.017502	6.582032	6.837722	7.152678	8.132574	8.756751	6.916168	7.259291	8.506247	7.247231	10.347198	7.978307	9.327084	8.347894	9.014317	10.71848	9.782	7.327498	9.505941	9.563775	10.116329	10.259043	7.176305	5.944231	9.752017	8.507539	6.97101	9.358123	6.724146	9.30254	6.408227	7.73211	6.369837	7.665855	7.20093	7.581536	9.860214	5.832737
TIMP1	9.268761	9.386916	9.553166	10.877338	10.156231	9.7765	10.569682	10.382689	11.603109	10.272564	8.572643	9.398388	8.457307	8.908173	8.987321	8.342062	9.101832	8.076991	9.360281	8.521761	9.61457	10.272579	8.818388	8.899396	9.319135	8.98943	9.095423	9.437658	11.634342	10.619157	10.993033	10.490513	11.273939	10.97261	10.889474	9.901496	8.415094	10.109652	9.092789	10.378177	8.987662	8.684594	9.571607	10.315615	8.909679	12.144485	11.975388	12.239465	11.423433	11.610437	12.632528	12.50967	12.044488	11.904087	9.695174	10.138912	9.882196	10.248806	12.005233	10.884025	9.299667	8.518403	10.386687	10.926722	11.508752	9.277429	8.641245	9.396048	11.466362	8.758113	8.825097	8.58811	8.631988	11.044953	12.265927	8.663881	11.215017	12.047515	10.119176	11.571675	11.115177	11.655318	12.28704	12.600368	11.555481	11.750384	12.686111	10.423878	8.622342
ABCA12	4.228274	4.108597	3.746826	4.025773	4.257175	4.304139	3.990792	4.077489	3.994475	4.060734	4.249274	4.084426	4.053057	4.298701	3.666864	3.934196	3.932917	4.357568	4.190212	3.882948	4.070432	3.919819	4.026125	3.913627	3.785425	3.830655	3.812434	4.25137	4.253501	4.190867	4.38541	4.08274	4.009278	3.756213	6.577617	4.113991	4.189653	4.132043	4.506305	3.84833	4.14679	4.14111	4.318444	6.807473	4.031846	5.105274	5.958972	6.757354	4.157457	5.846375	5.774736	6.145881	4.26088	5.596487	5.119887	6.206585	5.150953	6.171458	4.995258	5.884263	4.011485	3.740375	4.688163	4.933216	4.267408	3.866754	3.831122	4.131755	6.13248	4.083653	3.877392	3.900863	3.79229	7.210364	4.249441	4.186095	4.135153	6.420754	3.829733	5.09843	6.425649	6.767659	5.860693	6.386009	4.544985	6.441685	4.545318	3.993702	3.694546
CDX2	8.659205	8.806363	8.863754	8.810088	8.319713	8.669539	8.513613	8.954041	8.384303	8.266729	8.460602	8.922567	8.241831	8.36086	8.68062	9.30801	8.721784	9.144173	8.993023	8.486898	8.536697	8.766018	9.093723	8.877724	8.832438	8.531803	8.721662	8.878187	8.332479	8.116209	8.054858	8.005054	6.902953	8.285147	7.738133	8.624747	8.892667	8.498245	8.337533	8.943085	8.441011	8.919129	8.977978	8.280367	8.840115	6.932678	7.916814	6.926906	8.506917	7.509018	6.958647	7.817039	7.705982	7.068481	7.873925	7.091508	7.858892	7.697149	7.633485	8.211477	8.551841	8.868456	8.269297	8.517656	8.234093	8.861554	8.853222	8.982425	7.521608	8.731494	8.97232	8.898155	9.074163	7.756164	5.762605	9.001542	8.101853	7.153851	8.86767	7.630151	8.878966	7.747823	7.163606	7.236556	8.131346	7.942112	7.291226	8.261166	8.479574
TM4SF1	7.612078	7.267711	6.668498	8.405275	7.624722	7.03069	7.44158	7.103681	7.637473	8.08574	7.115907	5.833926	6.330529	7.737961	6.774798	6.383096	7.007691	6.161061	7.480898	7.373424	6.88346	7.122139	7.24688	6.855711	6.457818	6.90597	6.941694	7.594559	6.978063	7.588713	8.450982	8.168324	8.312749	6.703741	7.880099	7.527522	6.970725	5.949706	7.233354	8.164185	7.395928	7.954066	6.314284	8.289231	8.539014	8.071389	8.206342	7.625793	7.749707	7.785027	7.631632	7.949827	7.592608	8.3132	8.350462	8.205506	7.838011	8.212907	7.227865	7.599297	7.730914	7.534854	7.193193	7.358103	8.253906	7.680084	8.256131	6.100133	7.578465	7.261776	7.595845	7.249977	6.596109	8.297323	8.021876	6.888642	7.541173	7.910095	8.005024	8.172486	7.338158	8.458773	8.07731	8.222533	8.224371	8.741274	8.903531	6.597553	6.758812
PIGZ	9.791395	10.32499	10.407686	9.582758	8.974363	11.182849	9.968603	10.83503	9.163226	8.57613	9.33524	10.274454	9.924935	8.733875	8.975032	10.965642	9.586169	10.318704	9.176033	8.275681	9.903443	9.981792	9.945902	10.16169	10.266596	9.994237	10.245286	10.269617	8.83872	9.762425	9.117167	8.818681	7.734961	9.557467	8.961704	9.814279	9.702168	8.543771	9.261807	9.956506	9.067957	8.533985	9.332894	9.157	9.952168	8.417507	9.146552	7.847362	8.660744	8.610966	8.775338	8.844919	8.627224	9.528251	9.121005	8.254088	7.885941	8.077876	9.469021	8.727066	9.098543	9.635718	8.904192	9.734755	8.876713	9.917161	10.128921	9.846838	8.884744	9.860066	9.951618	10.706348	11.096441	8.029103	6.46858	9.975348	8.337362	8.109185	10.038965	8.39138	9.82688	8.208804	9.000407	8.040304	8.753897	8.529539	8.305768	9.631942	7.692104
SAMD9L	6.985225	7.117369	5.991802	7.715003	7.04884	7.943057	6.728201	7.569708	6.736441	8.869426	6.014021	5.977296	5.928802	6.522842	6.38738	7.751695	6.400348	7.196077	5.628484	8.429896	6.473726	5.967973	6.603842	6.187402	6.614636	6.361381	6.536979	7.457415	8.66666	7.364019	6.960055	6.364681	7.244056	6.954405	7.532411	7.249521	6.801615	8.287668	6.584109	6.937155	6.496743	6.788045	6.518627	7.844389	7.046684	7.288711	8.340893	7.682865	7.512523	8.34613	8.459403	7.511119	8.67908	6.853443	7.864426	7.488096	7.098414	8.569374	9.398282	7.442891	8.6745	6.864159	8.686385	7.897015	7.741283	6.49369	6.481343	7.489546	7.923181	6.812149	7.944577	6.194088	7.051359	8.510174	8.144157	6.039728	8.352519	7.9857	6.635149	8.416304	7.328558	7.674838	7.885252	8.70134	7.633105	7.491119	9.295058	7.165021	7.754273
CES2	12.127178	12.262907	12.188604	12.227245	12.09204	12.148813	12.1777	12.428668	12.036409	11.825028	11.669111	12.52541	12.232711	12.341558	12.143727	12.623981	12.160978	12.304032	12.052537	11.562224	12.213447	12.23799	12.295318	12.467712	12.295318	12.120283	12.529905	12.304032	11.644909	11.995387	11.879835	11.853614	12.356423	11.772607	11.008245	12.436457	12.016819	11.664367	11.761403	12.160978	12.072679	12.172324	12.062923	11.871377	12.368951	10.443769	10.450289	10.31071	12.00129	11.013519	9.865315	11.028644	10.301997	11.492279	11.030778	11.410091	11.289526	11.141904	11.074568	11.419218	10.90033	12.411806	11.416491	11.635749	12.009927	12.475865	12.563536	11.978687	10.688731	12.368844	12.316327	12.642932	12.233316	11.000212	9.218121	12.495901	10.877341	10.529343	12.290952	10.735092	12.120283	11.390098	11.297766	10.500124	11.218544	11.44423	10.433993	12.351379	13.013682
CFI	6.196385	6.47951	7.756615	6.497552	7.030092	6.872594	6.181115	6.289162	6.466869	8.1373	5.30114	5.562039	5.313519	5.483471	5.778863	6.322389	5.631465	5.842327	5.52643	8.571243	5.653105	5.405737	6.446995	5.369821	5.254574	4.685735	5.294867	6.430912	6.71761	6.912366	6.279115	6.011074	7.541187	6.686859	8.420085	6.59248	5.58105	5.657518	6.110505	5.675989	5.955783	6.144715	5.47429	6.721584	5.719982	8.057736	7.998901	8.806093	6.30601	8.281088	9.172328	8.480412	8.690538	8.0587	7.469249	8.117213	5.950281	7.849987	7.989379	8.181354	7.807521	6.480981	7.813843	8.550982	8.123687	5.704517	5.211323	7.427692	7.662276	6.056322	6.369848	5.516387	4.95518	8.140583	7.817852	5.414836	8.860779	9.000102	5.644934	7.141229	8.018925	7.883441	8.901563	8.868975	6.913221	7.726293	7.655444	7.200355	8.231093
CD72	5.220334	5.797268	4.482885	5.784582	5.408599	6.296553	5.609628	5.374532	5.333794	5.130231	5.850821	6.202488	5.912812	6.045737	5.406724	5.608038	5.394634	5.825669	6.090667	5.764708	6.380926	5.4297	5.31257	6.308624	6.042705	5.181934	5.268878	6.13939	6.61364	7.30994	6.031628	5.825669	6.145574	6.730636	6.695106	6.046831	5.988311	6.133905	5.995209	6.030243	5.200542	5.823287	5.967998	6.678032	6.546969	7.249834	6.316633	9.752867	6.541723	6.058567	9.073716	6.610939	8.251855	6.040205	5.951337	7.28342	6.541552	6.248677	8.258445	5.585746	7.235307	5.294875	6.679263	6.557298	6.046293	5.585011	5.24611	5.530735	8.150206	5.247525	5.409634	5.265962	4.971455	7.593685	9.316042	5.20505	8.043003	6.35467	5.305886	8.000783	5.488527	6.846524	8.029422	7.813798	6.610848	7.134867	6.673877	6.147127	5.790668
PMEPA1	8.270958	8.338011	5.912457	8.631139	7.863462	8.126925	9.234071	8.431634	9.310582	8.610698	7.40733	6.993462	7.654152	8.539705	7.473797	7.691179	9.084318	7.163021	9.13798	8.007727	8.444399	8.182596	8.299263	7.629725	7.434378	8.581045	7.857689	7.790799	8.159122	8.857449	8.703314	8.85587	8.914111	8.796381	9.161135	8.019466	6.722143	7.900022	8.339994	8.889806	8.785006	8.432007	8.832443	8.931015	8.72217	10.481454	9.813125	9.403216	8.611673	8.789446	9.051487	9.593288	9.108328	10.070176	9.507089	9.557414	8.849832	8.388282	9.086119	9.209419	8.990336	7.540025	8.310918	9.417969	8.088824	7.249927	8.537153	8.487493	9.350533	8.250914	9.159083	8.296417	7.854872	9.709427	8.98111	7.986309	8.854397	10.098763	7.762876	9.59347	8.26629	8.452508	8.810022	10.256524	9.65021	9.045374	10.06059	7.987253	8.50297
IL1R2	10.857177	10.299412	8.941876	10.962932	10.844068	9.510089	10.759231	10.872176	11.218862	9.840331	11.107179	11.690969	10.913291	11.280609	11.134463	10.477408	11.745615	10.995361	11.431936	9.944771	11.396839	11.207027	11.894947	10.9327	11.72828	11.725439	11.575935	10.529884	8.748522	10.629119	11.612149	10.714152	10.158263	10.729912	9.348329	11.134463	10.900488	9.980995	10.959704	11.522074	10.876504	10.455439	11.280609	10.437723	11.202748	9.143889	8.794073	8.457937	10.62178	9.153634	9.288407	9.186638	8.908963	9.611752	8.903845	9.114101	10.442332	9.998873	10.497181	9.540721	9.487218	11.04824	9.426013	10.03826	10.718509	10.602198	10.978079	10.263065	9.258423	10.985581	10.725407	10.197108	10.490563	9.613038	9.51102	10.809667	8.580115	8.854147	11.272892	9.855062	10.188528	10.873997	9.863673	8.364491	10.228795	10.042886	11.524508	11.045269	6.488826
GATA6-AS1	8.227599	8.449579	8.828494	7.49567	7.263135	8.271174	7.910758	8.939791	7.409522	7.480022	7.84063	6.729152	7.214732	6.911918	7.929176	8.145885	7.738396	8.512992	7.865837	7.242293	8.298036	7.994724	8.216462	8.280932	8.298588	7.939715	8.357149	7.47909	6.988565	7.568811	7.237944	7.237367	8.456945	7.73335	7.863046	8.526892	7.037787	6.157558	6.982371	7.900041	7.853074	8.366342	7.77685	7.179748	8.036367	7.144936	6.770294	6.621614	8.2607	6.712415	6.386808	7.045959	6.724292	6.828566	6.657873	6.40275	7.595706	6.468756	6.859935	7.401	7.040328	7.638441	6.818896	7.186643	7.135325	7.916964	7.801307	7.652877	6.83847	7.671104	7.590762	8.384182	8.62163	6.924665	6.086516	8.179316	6.704868	6.75867	7.374512	6.906886	7.213838	6.436473	6.676527	6.776289	6.780797	6.656789	6.699917	8.141819	9.403032
SELENBP1	13.133996	13.435642	12.744751	12.678394	12.699576	13.256213	13.083382	13.361839	12.921998	12.657953	12.120834	12.768815	12.629704	12.245729	12.53888	13.334376	12.872554	13.121206	12.840065	12.41316	12.961536	12.913283	13.196348	13.492705	13.341529	13.072141	13.187285	13.267299	12.85081	13.058298	11.983866	12.506528	11.791168	12.657953	12.358144	12.885409	13.03349	12.779767	12.699576	12.33773	12.318345	12.688004	12.640698	12.199031	12.657953	10.310179	11.444641	10.758307	12.699576	11.676279	10.243744	11.955951	12.459045	10.828359	11.352921	11.347879	11.534809	11.659763	10.631647	12.231533	12.459045	13.509171	12.59493	12.2175	11.610512	13.32218	13.625092	13.039775	11.526443	13.509171	13.196348	13.752817	13.794384	11.51657	9.063929	13.862579	11.6125	11.398041	12.913283	11.434593	12.283507	11.39041	11.489177	11.325436	11.872605	11.541253	10.492289	11.992936	11.556635
CCL11	7.018582	8.07596	8.304692	7.369536	8.317717	8.390519	7.710875	7.001085	7.278187	8.016966	6.753076	7.228255	6.775074	7.105752	6.285093	6.204067	6.493656	6.565102	6.643701	6.734052	4.845082	6.643276	5.35079	6.609324	4.507431	6.628394	5.831903	7.516338	8.794541	7.050674	8.270756	7.771084	10.041998	9.919561	9.535232	7.535476	6.956685	7.338462	6.988598	6.472266	6.743099	7.018912	6.615553	6.440199	6.527956	11.004273	9.192652	10.595415	6.58708	8.876002	11.294405	9.851099	9.839682	7.121493	6.602077	6.77163	6.991459	6.727825	6.819375	6.597605	6.363598	7.244869	7.912972	9.593756	9.132829	7.145563	6.903871	7.920417	9.860415	8.003713	6.291589	6.304947	8.34108	8.866073	9.636824	6.613994	9.907515	9.97299	7.948589	8.101388	8.789926	7.680424	9.514513	9.833075	7.031455	7.561251	7.388881	8.787274	7.915279
RP11-216L13.19	6.73191	7.110123	4.79577	6.193947	6.420022	7.773275	7.391864	7.642984	6.317639	5.875279	6.252479	5.452466	5.541597	5.214905	6.69684	6.82486	6.810405	7.056813	6.733711	5.617443	7.211426	6.708508	6.905877	7.097831	7.132843	5.952763	7.153867	5.982599	5.360139	6.694746	6.021397	5.404735	5.217416	6.681923	6.126933	6.957945	5.337521	5.487436	6.566003	6.806745	6.552275	6.301522	6.995828	6.029798	6.219446	6.032685	5.605115	5.847927	6.587081	5.93478	5.729286	5.695164	5.382797	5.875659	5.358542	5.25288	5.793532	5.284371	5.656797	5.835088	5.683236	5.779454	5.183651	5.968581	5.56571	5.956795	6.286623	5.827942	5.72664	6.533274	6.352195	6.912175	8.257413	5.940924	6.308774	5.902608	5.610674	5.643082	6.085309	5.533153	5.798468	5.554437	5.379867	5.500291	5.839901	5.646847	5.501122	6.136665	5.805722
REG1B	5.074689	5.631593	5.919625	5.153341	7.04329	5.818808	5.795248	6.174719	5.510032	10.058588	5.819717	5.834596	6.108247	6.144941	6.774596	6.520258	5.362467	5.053288	5.550114	9.060294	4.445518	4.006808	5.902703	4.354352	4.303528	4.396177	4.210223	5.604464	8.96049	5.629571	6.018676	6.081602	6.911821	5.357813	7.386051	5.351647	5.884883	9.98874	6.294088	5.564102	6.466518	6.181016	5.411355	8.008146	5.762244	5.750253	11.828292	13.059864	5.782989	5.887061	11.661925	14.624535	9.983201	9.502614	11.937484	12.388753	7.654536	5.816254	11.906639	14.3652	11.555022	7.676968	11.913999	9.574229	5.741135	4.129426	4.696247	8.462299	10.230856	5.264127	6.678449	4.405886	4.293134	11.614721	4.686621	4.591482	12.503389	9.32407	4.291104	11.10887	11.642382	7.388352	11.603998	10.935182	12.597197	10.860485	12.657371	4.793842	13.046229
SLA	7.22246	8.033445	6.823619	7.877217	7.943824	8.033677	8.085093	7.735098	7.889096	7.790543	7.044647	7.750989	7.238893	7.691939	7.462522	7.46826	6.886118	7.113105	7.355438	7.719139	7.723042	7.77194	7.143021	7.827077	7.676055	7.33591	7.336811	7.894555	8.70313	8.195447	7.984692	7.968383	8.021454	8.637967	8.699524	8.223186	6.99823	8.937848	7.084227	7.028879	6.786151	7.269434	7.322528	8.667738	7.590614	9.039841	8.365159	9.547048	8.125483	8.553661	9.376658	9.248683	9.266067	9.130884	7.517736	8.795368	8.153555	8.627957	10.524814	8.319394	8.507176	7.336811	8.742724	8.157593	8.83504	7.187535	6.618055	7.955972	9.081296	7.588026	7.161111	6.892437	7.413863	8.534982	10.327271	7.445108	8.875741	8.832318	7.15153	8.669158	7.37099	8.63081	9.592928	8.978077	8.713329	8.781617	9.568725	7.604129	7.952279
FCGR3B	5.76037	6.179335	5.677094	7.270698	6.410778	6.754918	6.146615	6.223653	6.943984	7.437674	5.555986	6.154471	6.460692	7.925885	5.708579	6.048522	5.704685	5.763631	7.177063	8.870059	5.446336	6.625855	5.345718	5.221012	4.819765	5.54506	5.569539	5.595321	9.37249	7.023054	6.537638	6.010372	6.07528	5.914683	7.117933	6.16884	5.122368	10.984562	6.169755	6.731383	4.808627	5.64554	5.867591	8.120327	5.674437	8.322207	9.12623	9.526473	6.681657	8.957539	11.534155	8.236382	8.785647	10.422827	6.413418	10.231498	8.968939	10.334749	12.923137	8.283809	9.364731	5.147066	9.306892	9.194309	9.04548	5.60402	5.438003	6.431358	9.396575	6.276364	6.425435	6.256633	5.07356	9.306205	10.415321	5.797681	9.692351	8.905486	5.706183	9.582005	8.001186	8.77742	9.135161	10.004652	9.292533	9.385615	11.264785	6.364432	6.424453
KANK4	7.104077	6.455158	4.51469	6.21573	6.541452	7.039831	6.521511	6.302777	5.812165	5.689368	6.024332	4.939026	5.73955	4.90945	6.851975	7.016576	6.333195	6.78879	5.823987	5.683649	6.363022	5.976316	5.979299	7.481229	7.15905	5.629944	6.256992	5.870361	4.893328	6.885895	5.045341	4.987015	4.401063	6.142303	5.124176	6.173704	5.28059	4.897391	6.621076	5.476378	5.721253	5.947388	6.608061	5.786984	5.716694	5.840209	5.583319	5.219016	5.898472	4.881572	5.256444	5.69345	5.632857	4.575762	5.034109	4.874235	5.530557	5.014567	4.926579	6.315245	6.130174	5.875479	5.00401	5.308768	5.193286	5.215236	6.870621	5.610211	5.966391	6.323149	5.481304	7.379949	6.430016	4.938151	4.951845	7.181584	4.982251	5.127656	5.350608	5.691782	5.03892	5.463273	5.041782	4.983039	5.796034	5.442487	5.539332	5.48239	5.116029
BTN3A3	7.284444	8.236313	6.226205	7.929698	7.695852	9.118574	7.472295	8.265654	7.239242	7.735866	6.381166	6.333047	5.745256	6.484125	6.917285	8.637252	6.781657	7.204866	6.184729	7.38675	7.443573	7.491686	5.981557	7.039212	7.337683	6.667653	6.618185	7.676391	8.372264	8.456587	7.521866	7.205459	7.249972	8.164091	8.59546	8.297045	6.484804	6.811333	7.156486	7.366607	6.82915	6.720192	7.106364	7.851309	6.922601	8.595128	8.669218	8.954273	8.093452	8.828882	9.683516	8.78281	9.589353	7.322221	7.857065	8.205793	7.71973	8.680365	8.913262	8.361823	9.042408	7.50037	9.187715	8.228503	7.345528	6.815159	6.632975	8.273202	8.850056	7.146608	7.569367	7.052589	6.273313	8.330751	9.892714	6.890443	9.305236	8.292509	6.760042	7.976917	7.931295	8.218016	8.991206	8.766546	7.521457	7.804256	8.482935	8.584665	8.846642
CD19	6.012901	6.459122	5.846825	6.443289	6.480984	7.600326	6.816456	6.879846	5.849567	6.541629	6.312732	6.285075	6.873882	6.213617	6.20372	6.334364	6.359035	6.358665	6.029629	6.148994	7.602694	6.902827	5.742373	7.328668	7.319233	6.256252	5.954897	7.533437	8.120465	8.215755	6.418567	6.19174	7.366946	8.861964	8.000431	7.825761	6.653817	6.942404	6.543505	6.141178	5.914446	7.229268	7.007924	6.900873	7.819406	8.863521	8.030527	10.213961	8.124486	6.682105	9.692431	7.574867	9.21179	6.887786	6.239173	8.625671	7.349219	6.467571	9.415146	6.913635	7.817852	6.124785	8.017146	6.965738	6.377643	6.063591	6.002927	6.870468	8.635679	6.707235	6.21188	5.642692	5.826799	8.307345	10.96631	6.532163	8.403779	8.525095	5.889989	8.940625	6.256505	7.821662	8.811472	8.649823	7.63551	7.395459	7.888202	6.680617	6.602211
GUCA2A	11.01308	12.190295	12.736421	12.089317	11.383099	12.080816	11.703172	12.891396	10.055201	12.089317	10.020261	12.147161	11.742006	10.682726	11.353108	12.408274	11.02568	12.072282	11.04546	10.8509	12.004256	12.367303	12.339818	12.425147	12.181927	12.141224	12.488962	12.854656	11.468136	10.686982	9.763531	11.200633	11.574089	9.788463	8.966644	12.28714	11.939118	12.072282	10.488284	11.481636	11.203363	12.585456	10.149833	9.456285	13.120938	7.242027	8.548551	7.139876	11.037225	9.291833	7.838018	9.372501	10.261019	8.610399	10.173705	8.315477	8.736219	9.439999	9.504074	9.420578	10.507563	12.738205	9.296894	11.280723	11.365461	12.262409	12.463106	11.684346	7.910726	12.221994	12.81015	12.575182	12.291547	8.59941	6.298417	12.221994	9.450453	7.290785	12.241843	7.325626	11.11566	9.872064	9.727325	7.391044	9.46042	9.485209	8.56133	11.383358	12.689591
IDO1	7.246785	8.085015	6.269907	7.843312	7.783028	8.304059	7.33591	7.799628	7.410653	10.838221	6.443373	6.240948	6.315554	6.375031	6.176938	7.724661	5.696291	6.58956	6.500945	10.555857	6.690527	6.892231	7.264116	6.881421	6.678402	6.612513	5.669982	7.340076	12.345043	8.688148	7.134268	7.209937	8.244495	8.26558	8.549624	8.111035	6.073007	11.625851	6.752929	7.931958	6.112977	6.49388	6.553046	7.453303	6.984107	8.483087	10.255232	10.544251	8.102337	10.739827	11.276449	10.413223	13.083595	7.478849	8.24092	9.430002	9.514485	10.595098	12.37423	9.889904	13.170073	6.793174	12.559636	9.454172	8.16299	7.66086	5.32263	8.926802	10.636621	6.925081	8.294898	6.369014	5.796473	10.357525	11.606632	6.556141	12.652106	10.256769	6.451691	10.376498	7.887888	8.693659	10.063136	12.168504	9.874313	9.339736	12.192992	6.996492	7.858867
CXCR2	5.154152	5.721997	4.143865	5.409596	5.284936	5.482602	4.864601	4.831215	4.97128	5.3951	6.091912	5.640303	6.061659	6.021358	5.549617	5.271956	5.557615	5.004114	5.424683	6.161672	5.252279	5.141478	5.083384	5.326181	4.649115	4.876952	5.084635	5.131709	6.899925	5.478036	5.408862	5.088725	4.933224	4.834509	5.692012	5.246502	6.046875	7.72512	5.839296	5.779754	4.93764	5.214076	5.28064	7.245943	5.507078	5.829205	7.131352	7.750959	5.428218	6.8196	9.040765	6.623151	7.415267	7.305664	5.779285	7.883226	7.302137	8.23548	11.626753	6.651561	7.666643	5.572696	7.339129	6.346387	6.194613	4.438265	4.686457	5.298403	6.856222	5.336227	5.402376	4.634355	4.68132	8.071642	8.862596	5.451683	7.684042	6.422547	4.685022	8.812	5.892564	7.564727	6.785233	8.119795	7.51985	7.750938	8.570311	5.037169	5.676147
NAMPT	8.048402	8.32987	8.841578	8.931223	8.632778	8.665932	7.950964	7.765169	9.117797	10.461804	8.355654	7.778313	8.411441	8.917322	7.993194	8.057677	7.825347	7.738708	8.476912	10.317194	8.192269	7.767605	8.30005	8.33758	7.562523	7.73088	7.86333	8.236565	10.436069	8.521586	9.46511	9.06821	8.077998	7.987206	8.953881	7.965504	8.604808	10.331685	8.533206	8.35015	8.287532	7.959244	7.975958	9.113865	8.284938	8.996048	9.486538	9.736522	8.947038	9.541629	11.003568	8.688913	9.59078	10.587069	9.729478	10.144832	9.446164	10.101716	11.976392	9.06821	9.598542	8.065601	9.999782	8.615401	9.69382	8.6515	8.331411	8.475335	9.607424	8.664237	9.398054	8.093466	7.93112	10.989718	10.97225	8.446845	9.937207	9.425909	8.347068	9.868971	8.797186	9.113962	9.758001	10.241078	9.741209	9.951425	11.195837	8.002123	8.596065
CNTN3	8.015096	7.768613	9.021285	6.5119	7.426996	8.020316	5.989055	7.527727	5.67236	7.690152	7.953492	6.417141	7.27274	4.350241	6.611189	6.430426	5.96386	7.816393	5.223084	7.61623	8.448518	8.186769	7.760983	8.277344	8.383419	7.983581	8.263323	7.741864	7.151304	7.544686	5.857685	6.695561	4.312573	6.483401	7.80849	7.874031	7.329958	4.758819	6.837907	5.86679	6.722358	6.23647	6.202652	6.845577	7.349679	6.666403	6.743216	5.93726	7.282976	4.051748	5.054447	5.564194	4.561051	4.865356	7.667874	6.162892	6.009066	4.156271	4.782346	5.840317	4.837192	7.413595	4.294032	5.028527	4.94276	7.426947	7.748505	7.062097	5.587825	8.098035	7.272536	7.861427	8.173999	6.376894	4.056474	8.100582	5.169521	4.597686	7.14372	6.382467	5.703407	4.201047	4.557902	4.416246	6.250168	4.683514	5.280105	6.979064	6.28115
KRT6B	5.910541	5.7773	6.520917	5.868202	6.158089	5.931386	6.385839	6.226099	6.994158	6.714367	6.351878	6.134931	6.487002	6.183496	6.447533	6.19593	6.706026	6.145485	7.048183	6.823746	5.870519	5.932329	6.159695	6.17778	6.118316	6.158032	5.947799	6.633078	7.641008	5.688419	7.402971	7.280626	6.521677	5.98352	5.786267	5.919995	7.10987	7.900464	6.172578	7.413962	7.171322	6.653747	6.312716	6.004564	6.188674	6.129753	7.159403	7.256407	5.945136	7.790495	7.630676	8.854571	6.717947	6.860826	7.100771	7.310671	6.392891	7.895282	7.976141	8.396782	7.027787	6.453215	6.731285	6.351092	7.956726	6.433028	6.072202	6.062044	6.293434	6.227148	6.030946	6.219338	6.060219	6.939851	7.602718	6.113941	8.283227	8.084772	6.677422	7.831669	7.182163	7.783219	6.931211	8.198092	8.008472	6.91324	8.520877	6.005488	5.97354
FOXQ1	6.427375	6.732984	9.024553	6.539558	6.845361	6.637646	6.655712	6.2684	6.652534	6.816007	5.877601	5.816676	5.688623	6.278695	6.165184	6.375095	6.032602	6.24014	6.633682	6.736896	6.144588	5.553294	6.117434	6.160646	5.892058	6.285604	5.755023	6.304421	7.269634	6.476647	6.313714	6.699575	6.634557	7.016605	7.5616	6.438219	6.124976	5.928008	6.370701	6.334802	6.16674	6.347574	6.54638	7.779916	6.516164	10.045737	7.955073	9.073202	6.497482	9.418962	8.107154	8.032609	7.962497	9.838767	7.034071	8.736993	6.434951	9.11266	7.700535	6.990276	8.293501	5.694303	7.459973	6.985084	7.726102	5.800212	6.320425	8.333575	8.057866	7.377814	6.335461	5.90202	5.895312	9.35271	7.775519	5.965675	8.330919	9.535539	6.574557	6.791438	7.700239	8.939247	8.456117	9.23731	7.035239	8.459496	8.525588	6.647197	5.483852
CSTA	6.550916	7.197436	6.650116	7.099466	7.000343	7.579743	7.19849	7.122402	7.238626	8.048196	5.281213	6.489089	5.172753	6.779194	5.660222	5.897869	5.68935	6.572899	6.927909	7.39935	6.771143	6.870847	6.118927	7.218177	7.520242	5.820505	6.146849	7.236338	9.053809	8.515096	6.433211	7.30286	6.770958	9.016226	7.961963	8.587543	5.928913	7.106337	6.404246	7.413648	8.149107	7.077062	6.201643	6.873119	7.155734	9.698595	8.076554	10.123694	8.189563	7.688797	9.219224	8.057232	9.673923	8.16247	5.560565	6.694057	7.191211	6.744779	9.759359	6.949408	8.246502	6.315342	8.324025	7.959546	7.274201	7.322598	5.462277	7.479113	9.164904	7.196096	6.628743	5.469421	5.243362	9.039434	10.016003	7.093485	9.353912	8.002219	6.77747	8.320275	6.738949	7.379188	8.501698	9.413721	7.645942	8.127006	7.980705	7.526977	6.6162
VSIG1	4.88708	4.652209	5.171753	4.85705	4.681621	4.77845	4.769598	4.656201	4.692807	4.791115	4.439637	4.317798	4.454399	4.451954	4.497178	4.707852	4.891545	4.657014	4.488937	4.782525	4.478607	4.52254	4.455078	4.62638	4.664038	4.646504	4.470303	4.839825	4.875593	4.988712	4.686224	4.610734	4.453625	4.73834	6.267425	4.840979	4.569884	4.292547	4.609087	4.673372	4.786452	4.470156	4.77793	5.873215	4.609317	6.636919	7.046864	6.33398	4.845561	5.362496	6.035307	5.969627	5.126106	6.855487	6.655463	7.520881	5.022226	5.305834	6.052503	5.474878	5.098554	4.580402	4.643427	4.818618	6.014177	4.422065	4.682824	4.73417	5.549705	4.550919	4.505831	4.641787	4.705285	5.883415	5.117052	4.396661	4.997508	5.832626	4.54516	6.344956	6.270356	7.792578	6.054775	5.767878	5.86408	6.468454	5.673184	4.636058	4.372763
IFITM2	10.226027	10.977285	10.735425	10.913247	11.145452	11.008468	11.367978	10.889962	11.684078	11.527839	9.775539	10.603899	9.61429	11.364972	11.111434	11.191334	10.503192	9.307794	10.351049	11.322264	10.804329	10.886922	10.434282	10.556042	10.822803	10.299293	9.916095	10.520954	11.875117	11.431062	10.730224	10.784928	11.434769	11.946613	11.512473	11.13908	10.020461	12.810709	10.628972	10.382703	10.388932	10.024266	10.217926	11.335915	10.116865	12.05082	12.454894	12.192408	11.290441	12.266916	12.742106	12.481684	12.441201	12.528181	11.419258	11.566813	11.389627	11.956153	13.486398	12.223611	12.105841	10.148517	12.124643	12.112135	12.080761	10.1617	9.977806	10.97665	12.025242	10.274385	10.697107	10.094491	10.344785	12.145897	13.059635	10.57451	12.503612	11.995393	10.682464	12.254195	11.608987	11.836305	12.274748	12.589931	12.364423	11.972284	12.862816	10.640316	10.938546
CHI3L1	5.231509	5.634146	6.046503	6.399235	6.302787	6.115916	5.889449	5.48067	6.664656	7.743058	5.557297	6.007348	5.649169	6.055505	5.28153	5.694962	5.449411	5.336765	5.541365	6.289254	4.787229	5.37431	4.76429	4.575673	4.960807	4.818877	4.848811	5.764447	9.023501	6.399667	6.126678	6.183945	6.194278	6.541119	8.457835	5.487031	5.463164	7.436648	5.548849	5.439483	5.496017	5.565448	5.307728	5.92383	5.288581	7.864163	9.380513	9.822281	6.479082	8.931365	10.584798	9.844956	9.151199	7.312343	5.809267	6.270415	5.914293	6.140579	8.920884	6.317325	6.06289	4.972111	8.665775	7.744904	8.715721	5.371821	4.726241	6.716515	8.969646	4.991699	4.877498	4.558344	4.683005	8.705621	9.455081	5.006581	8.543326	8.807271	6.290216	8.503817	6.814391	8.555759	8.864497	9.304755	8.397836	7.946925	9.097062	4.815928	4.839487
ADRA2A	7.579462	9.120424	7.653348	7.63291	7.94745	9.624581	7.59098	7.440683	7.085167	7.565262	6.67806	8.651813	7.789781	7.531528	7.913053	9.431801	7.229928	7.349426	7.146259	7.662563	6.92252	7.821487	7.317426	8.536793	6.446789	7.065074	7.23703	9.157986	8.952123	7.797345	7.158305	7.840159	7.714099	7.694584	8.889924	8.167272	8.727328	7.962722	7.295892	7.380701	8.368562	8.219056	7.500702	9.091585	7.954142	8.418728	8.578578	8.842038	7.537316	9.002863	8.233924	8.26892	8.232869	8.533012	8.970654	9.068435	7.734358	9.035401	8.314506	8.224323	8.700688	8.952359	7.870791	8.545421	8.048593	8.06518	8.120929	9.228717	8.340348	8.862106	9.19642	9.805344	8.120929	8.412585	7.362389	9.074793	7.76509	8.479782	8.57675	8.263031	8.932725	8.224081	8.666716	8.284053	7.608147	7.861177	7.630446	7.779031	7.462821
PI3	9.069656	8.919532	9.398788	10.135046	9.471857	9.137952	8.305893	7.965632	11.314732	12.754888	8.702931	9.811583	8.708044	11.287601	10.112346	9.736557	8.323681	7.99057	10.932868	12.310893	9.049845	10.667177	10.634567	8.160387	7.869023	10.590602	9.723971	9.594344	11.601283	10.051627	9.724938	8.949291	11.427215	10.328734	12.675621	9.011375	8.939871	12.079217	10.283476	11.014278	9.222373	8.829651	9.329988	12.310893	9.436078	12.455741	13.02953	12.737447	10.750862	12.062132	12.599979	12.37766	11.427215	13.300634	12.611329	12.638203	12.532728	11.501786	13.277242	12.567154	11.408724	9.769113	11.904668	11.820598	10.921602	7.588968	8.226848	10.849454	13.016656	7.621567	10.562628	9.413358	9.723237	13.32694	11.00026	7.250067	11.651131	12.897311	9.608572	12.897311	13.32694	12.538024	13.302018	13.098167	13.126987	13.139631	11.60453	11.404462	8.213669
SPON1	8.240333	8.409313	8.536091	8.496602	8.478418	7.804424	7.555848	8.382064	7.936387	7.667354	8.25137	9.109673	7.963173	8.222442	8.363144	7.901638	7.923382	8.601805	8.096637	7.790901	8.995927	8.422096	8.566062	8.560295	9.163384	8.607491	9.135222	8.175062	7.59564	8.297031	8.947992	8.304243	8.074421	7.544975	6.947191	8.507131	8.258007	6.659457	8.659621	8.692029	8.053946	8.424932	7.902946	7.401027	8.592693	8.0424	6.681751	6.991204	8.709843	8.117875	7.813106	7.701018	6.916101	7.67931	6.311875	6.148038	8.409635	7.982788	7.220719	7.381821	6.716479	7.869007	6.348496	7.775009	8.457147	8.433296	7.559097	6.478416	7.881144	7.544159	6.889701	8.33471	8.220517	6.900788	7.102132	7.854297	6.945212	8.248516	7.757296	7.621129	8.2527	8.889737	7.77464	7.225195	7.541072	8.036745	7.773924	9.080613	7.710356
CHP2	11.115313	11.809239	11.257202	9.686508	11.160127	11.832495	11.111644	11.678808	10.419616	10.331267	10.524215	11.491713	11.779019	8.861385	10.824136	12.079249	10.840602	11.90993	10.762808	10.407514	11.455792	11.070109	11.184103	11.952066	11.509277	11.309785	11.326506	11.215749	10.577347	11.313527	10.426805	10.820923	10.364562	10.670444	8.333462	11.407479	11.340902	10.675701	11.367044	11.108102	11.044483	11.196199	11.001364	9.197821	11.083083	5.758333	7.811396	7.784701	10.169965	8.69739	7.815401	8.269234	8.678983	6.99744	8.3351	9.118654	9.122843	8.833085	8.770718	9.110211	9.489815	11.690482	9.418521	10.66738	9.053469	11.804022	11.554916	11.106853	8.041049	11.850904	11.844239	12.062312	12.071764	8.650494	5.922098	11.994287	8.982874	7.991698	11.862056	8.29808	9.904256	8.352214	9.019763	7.021827	8.860957	9.5047	6.988095	11.007306	11.978751
UBE2L6	8.642288	9.087687	8.162238	9.41103	9.049755	9.929828	9.010789	9.69441	8.776025	11.179835	8.760072	9.237053	9.337031	9.457021	8.928228	10.59892	8.427166	9.303636	8.680268	11.282762	9.131289	9.196633	9.00427	8.458118	9.292403	8.884405	8.639509	8.665343	11.187353	9.607831	9.089611	8.996653	9.925852	9.592239	9.825232	9.309711	8.834104	11.269703	9.358496	8.937828	8.874873	9.251622	9.432076	10.044588	9.151219	10.140904	10.772251	10.781767	9.475645	10.978821	10.882528	10.57338	11.508478	10.229879	10.343764	10.257704	9.921844	11.03808	11.586698	10.412526	11.369084	9.482922	11.499372	10.182956	9.601345	9.124644	8.014764	10.277099	10.661443	8.87935	10.020433	8.387299	8.781433	10.682935	11.29731	8.565552	11.175373	10.82512	8.812952	10.937363	9.901482	10.306162	10.573968	11.206174	10.732562	10.170632	11.233094	10.178376	9.90536
C4BPA	6.111701	6.847664	5.402848	6.627377	7.315603	6.941951	6.597873	6.779556	6.190495	9.091904	6.15596	6.71061	6.779556	6.582661	7.084389	6.316794	6.433992	6.235492	6.083497	9.084191	5.443772	6.748415	6.749492	5.42519	5.857222	6.060104	6.426662	7.070852	7.877553	6.555768	6.69587	6.555232	6.425784	6.292017	8.704499	6.511906	6.626544	8.157588	6.837167	6.57672	6.284697	6.576022	5.870003	7.718572	6.868636	6.838493	11.343856	10.399541	6.315651	10.262491	8.299605	9.657942	7.859435	9.029628	11.025164	10.378323	7.166451	9.502766	8.36273	8.681975	8.209912	5.638584	7.745874	8.419322	8.147826	5.597639	6.770471	7.141464	7.989488	6.315818	7.445477	6.983348	6.018715	11.290765	6.363381	6.473016	9.822947	9.116896	7.266425	8.922871	8.94887	8.015013	9.73205	9.702173	10.336733	8.90226	9.558052	6.207965	5.831409
CEMIP	5.91417	5.74936	6.532602	6.753279	6.468863	5.91159	6.692408	6.0755	7.442991	7.128026	5.298436	5.47586	5.410272	5.563805	5.95738	5.698801	5.922379	5.695689	5.882421	5.667664	5.758886	5.787937	5.603374	5.868157	5.554709	5.683347	5.649836	5.931156	7.424889	6.552146	6.984119	6.450763	5.986097	6.264023	6.65099	5.786079	5.557741	5.97419	5.742382	6.506617	6.188242	5.777862	6.054052	7.069847	5.880723	7.290768	7.092303	7.872642	7.035283	7.914411	8.535685	7.389366	7.023169	6.671859	6.121125	6.834535	5.935122	7.140152	7.375253	6.427056	7.011378	5.771713	6.38292	6.143777	8.142361	5.670789	5.939197	6.132346	6.555352	5.855268	6.047918	5.535049	5.300699	7.407282	8.993664	5.885949	6.964588	7.828718	6.006869	7.204982	6.025167	7.716991	7.326903	7.136107	7.207675	7.372699	7.900145	6.240058	5.681262
MT1M	9.251312	9.414473	10.801063	8.050358	7.656927	7.921173	9.3879	10.019628	8.988252	6.401277	8.023715	7.638857	7.526	7.712711	8.093727	8.195716	9.088494	9.360315	8.748021	5.402897	9.492337	10.301384	9.93652	7.675784	8.720581	9.192697	10.982611	7.673428	7.489223	8.107861	7.635287	8.879211	10.168512	7.546595	6.192925	8.961784	6.150015	6.362267	6.97505	8.255367	9.717845	9.793818	7.745123	7.274676	8.971003	6.77004	6.211497	5.838725	9.567899	6.173177	6.141179	6.802342	6.828443	5.713599	5.341159	5.972601	7.470233	5.249474	6.392345	7.404412	6.982991	9.462052	4.425191	8.744033	6.957724	8.807987	6.535738	9.924005	6.490533	7.942275	6.567949	10.125937	11.054268	4.715612	5.678685	7.7426	6.343419	5.546612	6.880387	7.219679	5.211107	6.808934	8.20655	5.064041	7.341709	7.632625	7.790503	8.766201	8.639755
HLA-DMB	9.226148	10.291078	9.752337	10.074972	10.55442	10.759156	10.505914	10.206911	9.625843	10.014051	8.468087	9.084176	8.941003	9.263184	8.334341	9.599946	7.77685	8.145344	8.171851	8.848598	9.777165	10.126602	8.954597	9.650144	9.158312	8.816856	9.849688	9.674764	11.373705	11.125058	9.713756	10.357398	10.389563	10.939536	10.908199	10.786079	8.726029	10.299624	9.651071	8.30388	8.086345	8.724139	8.964051	10.160181	9.466973	10.846861	11.10752	12.08859	10.838755	11.287237	11.140444	11.140444	12.066296	10.368538	10.001519	10.82409	10.495035	10.786079	11.240754	10.018455	11.560413	9.453605	11.794774	10.721052	9.589305	9.330819	7.665075	10.636251	11.024791	9.676022	8.769925	8.503384	9.332372	10.769584	11.969154	9.56084	12.057916	11.041284	9.051314	10.818413	9.475342	10.047848	10.815053	11.549128	9.920094	10.252054	10.189434	9.964497	12.040323
HLA-DQB1	8.263574	9.136512	8.998799	8.54765	8.90028	8.88336	9.686759	8.961931	8.740846	8.795217	7.055363	6.861948	7.019052	7.055044	7.13879	7.685089	7.367325	6.770343	7.40673	7.213431	8.585881	9.522946	7.944322	8.374706	7.806312	8.408538	8.038916	8.750553	10.141432	8.832311	9.423004	8.957762	9.936728	9.580893	8.871807	9.593329	7.357274	9.071407	7.769345	7.924892	6.954701	8.019021	7.5594	8.183235	8.484624	9.12786	10.15968	10.890285	10.063229	9.196789	10.19675	9.895444	10.947581	8.406427	9.493707	10.131772	9.5847	9.096488	9.990468	9.10154	10.502789	7.333065	10.977103	8.112189	8.655108	7.591678	7.049335	10.433621	10.118729	7.453846	6.926605	7.760192	7.999095	9.923286	10.907349	7.935453	9.155524	9.717589	7.979804	9.998768	8.420795	8.57708	9.756313	9.312002	9.449772	9.768703	9.829528	9.198187	8.96008
FAM65B	5.515531	5.923116	5.452694	5.615208	5.668347	6.266434	5.351974	5.313717	5.450166	5.999984	5.237003	5.273881	5.254098	5.436305	5.328653	5.461023	5.14935	5.217997	5.386044	6.210058	6.063026	5.757757	5.152768	6.439333	6.323345	5.450898	4.792953	6.127964	7.488631	7.057708	5.327914	5.349541	5.764619	6.835311	6.629226	6.955572	5.468784	6.165497	5.221356	5.309415	5.360848	5.522447	5.416802	6.498924	6.104553	6.970963	6.739193	7.664189	6.860686	6.558818	7.700348	6.195373	7.092105	6.580645	5.526954	6.862739	6.165669	6.315441	9.655173	6.686644	7.322339	5.249016	6.686855	6.43473	6.178857	5.261728	4.973453	5.185134	7.411529	5.574263	5.023733	4.907903	5.1013	7.133437	8.594294	5.291543	7.3449	6.920639	5.154616	7.638917	5.280873	6.25663	7.467429	7.51323	6.623932	6.627387	8.074578	5.608128	5.838499
RP6-99M1.2	5.047473	3.840464	3.517042	4.266397	4.444641	4.637886	4.710873	3.583792	4.904847	5.920138	4.003161	3.302202	4.443908	3.353652	4.842295	3.961556	4.618909	3.452218	4.820883	5.407805	4.560964	4.622946	4.018688	4.817547	4.130774	4.198712	3.957856	4.423501	5.014995	5.566645	4.741924	4.680969	4.272502	4.395699	6.626093	4.220687	3.895599	3.739066	6.136955	5.239741	5.098323	3.795094	4.671399	6.05164	4.244663	5.435145	5.295825	5.588916	5.001938	5.80514	4.859323	4.02061	5.298962	5.341287	5.900467	5.654892	5.798792	5.226806	4.113643	5.268295	5.330187	4.19053	4.934151	4.265866	4.957957	4.536716	4.034775	4.163936	4.593814	4.530338	4.618425	4.386252	6.087855	6.286239	6.012681	4.903308	4.569557	5.375813	4.577832	5.662936	4.610375	4.854994	4.710395	5.331464	4.584015	5.038938	4.748045	4.373666	6.192438
CYP2C18	6.471963	8.371925	6.646458	6.988287	6.556738	8.330601	6.429505	7.110252	5.696627	7.674852	5.852684	6.253086	6.905852	5.759827	6.83935	8.22776	6.271706	7.683585	6.355817	7.770178	5.982509	6.79793	6.825714	6.716366	5.337588	5.736239	5.69561	9.137857	7.54901	6.745603	7.052783	7.243635	9.117142	6.130048	7.980156	6.656052	8.56007	6.447304	6.445666	7.725992	7.888943	9.060953	6.226584	8.045695	6.859317	6.080576	7.563283	7.624016	6.018618	8.762342	6.728121	7.467776	7.679929	7.760267	7.936504	8.308364	6.435354	8.654257	6.943173	7.621903	8.328114	8.468375	7.377637	8.152114	8.113876	8.567182	6.773662	7.076219	6.626988	8.490834	7.540091	7.70649	6.862575	7.473263	5.448239	8.109826	7.492052	6.830214	8.651308	6.74353	7.886852	8.022519	7.407533	7.825168	7.22339	7.593984	5.830088	8.297051	10.334056
WARS	9.046815	9.501862	8.790648	10.320168	9.79818	9.84617	9.809285	9.840297	10.382974	11.166764	8.596254	8.232607	8.210647	9.152625	9.149208	9.221632	9.059739	8.617641	8.7428	10.307458	8.977901	9.314412	8.637468	8.716587	8.936353	8.784624	8.729951	9.486252	11.835497	9.711614	9.899043	10.073816	10.280828	9.724617	10.300006	9.259618	9.406829	10.870624	8.482786	8.909087	9.010938	9.099975	8.535187	9.569184	8.515573	10.205292	11.397074	11.229054	10.128923	11.251915	11.271994	11.061739	12.205616	9.353523	10.213257	9.903256	9.156028	11.080378	11.492751	10.151949	11.702763	8.795264	11.533045	10.167435	10.68142	8.990662	8.485206	9.603683	10.928203	8.936353	9.209282	8.675719	8.670313	10.915471	12.013797	8.900168	11.972111	11.05479	9.591628	11.01975	9.812244	10.503728	10.95084	11.861336	10.903495	10.566789	11.794319	9.29114	9.013628
TNFAIP8	7.342778	7.969595	7.406213	8.240652	7.670531	7.97201	7.530645	7.06513	8.036856	8.236078	6.957438	5.93189	6.131054	6.772878	6.878108	6.416367	7.520756	6.575527	7.415765	7.648887	8.000161	7.862591	6.825675	7.748105	7.713308	7.373223	7.263428	7.695747	8.598171	8.388147	8.514286	8.186215	7.4744	8.171938	8.599442	8.52677	6.866591	6.878579	7.234799	7.637535	7.447466	6.986103	6.751994	8.092936	8.171585	9.167506	8.356272	9.508128	8.731398	8.363892	9.336727	8.045714	9.054026	7.875388	7.65754	8.607721	8.361401	8.011512	8.771718	7.38889	8.353182	7.018188	8.48776	7.942634	7.752217	7.109747	6.978305	7.328415	8.75639	7.50498	7.249018	6.911677	7.16209	8.432004	10.17939	7.171066	8.804621	8.624325	6.884423	8.777157	6.81839	7.892798	8.776618	8.968523	7.707959	8.003595	8.800648	7.767111	7.54096
F3	8.694271	8.753979	9.967562	8.72308	9.09648	8.703419	8.549156	8.045443	9.253756	9.286281	7.767475	7.29981	7.228283	7.362537	7.3697	7.074206	8.310128	6.765703	8.094023	7.357653	7.952751	7.999604	8.17453	8.285552	7.808104	8.130143	8.035289	8.356291	9.347151	9.738858	9.556672	9.170861	9.35012	8.666875	9.042449	8.700881	7.742073	7.44875	8.589671	7.944735	8.205489	7.377088	7.66524	7.990188	8.52193	10.772927	9.958446	10.017466	9.129142	10.15424	9.620615	9.734452	9.487863	10.155561	9.438342	9.664411	9.18419	8.896936	8.123358	8.459285	8.679214	7.713316	8.465807	8.843716	9.839104	8.277568	7.946332	7.888273	8.769544	8.328868	8.073491	7.349715	8.753803	9.972687	8.66122	7.621144	9.470868	8.681357	8.167523	10.153448	8.276229	9.571334	9.086141	10.584982	10.118469	9.733997	10.95148	8.496823	8.797803
VSIG2	10.255102	9.862657	9.408934	9.430982	9.731107	9.320849	9.925915	10.201647	9.859989	8.914616	9.528878	10.617994	9.131141	9.595217	10.180152	9.939418	9.8307	9.989069	10.094703	8.95433	10.259109	10.088386	10.3615	10.076719	10.117871	10.269275	10.304299	9.41343	9.205845	10.158433	9.095917	9.35997	9.404206	10.197048	9.033052	9.849789	9.373263	9.412462	10.250107	9.952826	9.598487	9.577944	10.346284	9.025257	9.634426	8.785499	9.050881	8.385821	9.982456	9.198175	7.50847	8.816413	8.158625	8.758598	8.784856	9.01849	9.653557	9.063827	8.717173	9.314985	8.216265	9.910205	8.944427	9.55859	9.457752	9.84769	10.127313	9.958203	8.706579	9.866993	9.77089	10.058231	10.421843	9.47412	7.075092	9.878661	8.272174	9.135851	9.833476	9.009757	9.933338	8.831732	9.008909	8.417309	9.624333	9.325278	7.924968	9.9305	7.101966
MMP1	8.055121	8.415966	7.359689	11.108774	9.2194	8.287364	10.06797	9.005294	10.741904	9.655308	5.629874	4.894345	4.98691	5.281696	5.234332	5.163241	4.804919	5.320562	5.158238	5.888206	4.84725	8.132523	4.353178	4.924151	4.916695	3.940321	4.689309	9.423051	12.314921	9.548064	9.173034	10.485659	10.234941	9.353329	8.956108	6.746394	5.22157	5.31246	4.914604	5.650952	5.53248	6.924096	4.954847	6.252977	5.009265	11.948715	12.100315	11.965147	9.46436	11.312653	13.334942	11.348536	11.227632	8.815316	10.030681	8.676957	6.100584	6.103641	10.741904	8.424757	8.05848	5.974368	7.392264	11.875877	10.671536	9.531351	7.369794	5.122152	8.186348	7.330663	7.482692	5.092623	4.596299	9.839155	13.167556	6.791866	11.046466	12.47438	8.357244	10.984845	8.467854	9.600372	10.093164	10.979876	10.553521	9.917911	14.32535	7.733581	8.801905
IL21R	5.053083	5.419338	4.514437	5.759484	5.240264	5.727116	5.342415	5.268724	5.443276	5.360258	5.352241	5.525943	5.319511	5.49649	4.990261	5.608672	5.087212	5.177873	5.183836	5.241947	5.467332	5.234011	5.236836	5.413142	5.343564	5.127372	4.986834	5.494392	6.454398	6.035202	5.37063	5.366	5.195732	6.214416	5.81286	6.082328	5.1411	5.467763	5.604125	5.311442	5.200695	5.274973	5.148125	5.729964	5.666683	6.847588	6.588962	7.709068	6.526599	6.179062	7.527205	6.316243	6.985303	5.596177	5.226948	5.829464	5.493886	5.584219	7.012907	5.47286	6.01436	5.264119	6.196732	5.417429	5.357974	4.926809	5.350159	5.48674	6.753429	5.283247	5.087861	4.864312	4.85966	6.245922	8.342421	5.177786	6.669337	6.739331	5.126871	7.106322	5.414567	5.746369	6.388463	7.065156	5.964788	6.234841	5.942536	5.425754	4.977144
ANXA1	6.803928	7.091502	6.112407	7.630931	7.335172	7.226138	7.331636	7.04211	7.470072	7.455936	6.221766	5.817273	5.491756	6.567713	6.44456	6.146169	7.066203	6.108805	6.506966	7.258526	7.162171	7.176102	6.456349	6.738325	6.712922	7.061191	6.848871	7.052483	7.30794	7.270702	7.656215	7.584256	7.259926	7.075839	7.815698	7.354311	6.244094	6.576639	6.23724	6.74279	6.23033	6.197938	6.641581	8.253832	6.898122	8.006415	8.508564	8.646903	7.581935	7.837907	8.297137	7.866714	7.803211	8.653785	9.148147	8.713682	7.284327	9.195136	9.507336	7.739638	7.91854	6.444848	7.866264	6.949761	7.66282	6.587728	6.099771	6.531918	7.99613	6.658181	5.828624	5.951248	6.885213	9.066024	8.345311	6.480771	7.932249	8.340327	6.689901	8.469359	7.558365	8.471395	8.173382	8.568856	8.664475	8.339574	8.520095	6.669131	6.732145
NEURL1B	10.066275	10.898216	9.970036	9.921302	10.038907	11.192785	9.597346	11.172042	9.317032	9.371831	9.440595	9.857231	10.333217	8.697924	9.901153	10.789095	9.269196	10.766755	9.010993	8.870812	10.034958	10.195892	10.162242	10.313102	10.75208	9.727432	10.716187	10.741153	10.480097	9.452373	9.136752	8.861667	8.601827	9.746338	9.370743	10.851848	10.080808	10.117276	9.142567	9.592622	9.107627	9.617252	9.159266	8.662479	10.686792	9.068912	9.120442	9.094194	9.427777	8.957962	9.747185	9.629674	8.718265	8.209238	8.870222	8.322334	8.213481	8.478948	8.525505	9.104507	9.38642	9.921328	8.715902	9.615194	9.047752	10.371719	9.990255	10.051982	8.794985	10.278715	10.458349	10.493018	10.367513	8.6111	8.868666	10.91214	8.596724	9.198446	10.138415	8.446229	9.56215	8.698102	8.541235	8.651704	8.01398	8.142823	8.478356	9.48628	10.308839
FGR	5.625641	5.990724	6.188751	6.704145	6.171022	6.466054	6.482112	6.081596	7.375114	7.389499	5.469468	5.984282	5.837052	6.240459	6.165621	5.982314	5.679313	5.637429	6.471335	7.407328	5.688404	5.894301	5.76413	5.818839	6.106371	5.495622	5.54126	5.994269	8.565289	6.632114	6.509122	6.071511	6.517298	6.77106	6.777702	6.579817	5.54004	9.562167	5.512554	6.343303	5.816583	6.041112	6.098568	7.066214	6.346288	6.961777	7.226936	7.439354	7.121298	7.003289	8.724092	7.420171	7.705715	8.606626	5.848233	6.826595	6.423838	6.889367	10.697389	7.187017	6.85599	5.407806	7.364418	7.028072	7.067512	6.012635	5.574245	5.796978	7.884463	5.857944	6.377753	5.871388	6.149168	8.196066	8.725485	5.856772	8.084629	7.730215	6.231361	8.042109	6.927285	7.003489	7.86618	8.234482	7.756943	7.757941	8.941346	6.555083	6.004217
S100A9	6.353119	6.874923	7.056896	7.800604	7.237958	6.975964	6.882614	6.551979	8.156514	8.96859	7.873357	7.767666	7.458951	8.142574	7.186623	7.472097	7.061132	6.976375	7.624017	9.184418	6.721791	6.441233	6.320952	7.086093	6.981458	6.631739	6.787574	6.808895	9.824379	6.644349	7.646567	7.538535	6.965231	6.869887	7.373884	6.632662	7.723377	10.825556	7.742997	7.368413	7.273131	7.146298	7.172844	8.019968	7.258202	7.927766	9.682721	8.708553	7.466007	8.507671	10.245735	9.186836	8.837038	9.812056	8.515262	9.282918	8.713114	9.313839	13.05807	9.938579	8.813533	7.269588	8.514063	8.700809	9.735524	7.186108	6.767934	6.960125	9.768009	6.561768	7.709118	6.389446	6.460207	10.793431	9.495124	6.818956	9.19929	8.827704	7.751987	10.079625	9.506653	8.687691	8.975878	10.05292	10.287239	8.959052	11.478344	6.952669	7.260953
KLRC1	6.600655	7.193995	4.854922	6.216376	6.639316	7.604727	6.179239	6.059821	5.72845	6.556995	7.471104	6.664411	5.67344	5.760999	7.544919	8.157927	7.361034	6.512677	6.778656	7.363645	7.400484	6.347463	7.220175	6.945105	7.553292	7.471943	5.667664	6.201288	6.199949	7.10176	5.329902	6.190869	4.93247	5.052544	5.376299	6.049915	5.929411	5.90654	8.251042	6.577459	7.077971	6.344388	5.252254	5.456549	7.365576	5.511219	5.972875	6.037998	6.102188	5.743747	5.671248	5.596628	6.756264	5.561277	5.294077	5.82478	5.67407	6.189027	6.521312	6.543207	6.296147	7.010039	5.745008	6.515598	5.389061	6.528625	6.642996	6.720292	5.413904	6.361044	5.986225	6.532166	6.572218	5.565956	6.471908	7.908266	6.038079	5.490374	6.243931	5.478107	6.253099	4.976553	5.567429	5.621964	5.809828	6.381741	5.509066	6.249282	6.57538
SLC6A20	5.007805	5.690669	5.131759	5.42945	5.046807	5.148949	5.195896	5.17451	4.947268	5.864138	4.850016	5.1413	5.193305	5.327621	5.438097	5.578118	5.318986	5.428815	5.353735	5.652437	4.880134	5.070453	5.707297	5.554259	4.787573	4.845465	5.277032	6.344472	5.56503	5.343201	4.823356	4.964117	8.086397	5.156032	6.639023	5.030618	5.315291	5.167405	4.92273	5.608337	5.396172	6.977478	5.517413	6.745448	5.021833	6.290584	6.688674	6.89951	5.048725	6.051124	6.263202	6.873314	5.590191	6.215288	6.114869	6.541254	5.073354	6.03788	6.934323	5.968592	5.736493	5.452526	4.873	5.247911	6.976213	4.917792	5.224252	5.164923	5.565486	5.077789	5.966753	4.948747	4.834338	6.716795	4.88132	5.184994	5.42551	6.734789	5.621705	5.815709	6.601298	6.651331	6.671659	6.539928	6.177274	6.307921	5.646997	6.525466	8.16607
HEPACAM2	11.203547	10.997199	10.285199	10.356854	10.650453	10.86932	10.010474	10.413626	10.607229	9.791692	11.665978	11.13688	11.357622	9.662709	10.635511	10.06547	10.528741	10.470063	10.94931	9.878047	11.109576	11.161464	11.259483	11.29428	11.269585	11.519224	11.29428	10.185192	9.373132	10.95333	11.413948	10.910259	9.962829	10.753625	9.033752	11.345791	10.781587	9.129647	11.132206	10.999414	10.186259	10.433688	10.947281	8.89638	11.175398	8.509432	8.081965	7.809085	11.230201	9.536639	8.325178	7.937979	8.66166	9.516275	9.196127	8.76717	10.836057	10.137726	8.314556	8.89947	8.87141	10.690459	9.362201	10.414811	9.63167	10.661409	10.89973	10.839736	9.557291	10.648099	10.652274	10.961226	11.348441	9.194723	5.30659	10.678331	8.930258	9.232913	10.195069	10.159894	10.407153	7.957372	9.39588	7.582361	10.09292	9.839445	8.74322	11.521718	10.604322
NXPE4	10.705047	11.044418	11.317299	10.301735	10.442733	11.184891	10.242174	10.862262	11.256547	9.648675	11.372718	11.717422	11.406646	10.362417	10.581364	10.534329	10.382232	10.948562	11.088171	9.790241	11.742694	10.76581	10.980269	11.460142	11.534776	11.566664	10.995743	10.52241	8.886326	10.76158	11.008708	10.285702	7.993893	11.102251	9.726494	10.294315	11.184891	9.460368	11.277658	11.214236	10.255699	9.199724	11.245135	10.104437	10.402074	9.708629	8.704487	8.477319	10.997201	9.174289	8.429503	9.29366	9.146008	10.487607	10.333363	10.434609	10.707816	9.799619	8.852757	9.766133	9.408791	10.917205	9.813165	10.123404	9.826462	10.96482	10.994137	11.380481	10.045637	11.034286	10.927929	11.410208	12.163025	9.45521	6.289951	11.250146	9.059645	9.990553	10.530668	10.210648	10.674847	9.516664	9.563224	7.762812	10.46614	9.926063	9.068381	11.399632	6.905781
MT1E	11.590041	11.344319	12.452294	11.189291	10.885876	11.033688	12.018653	11.943686	11.538046	10.393955	11.256125	11.455828	11.383051	11.587467	11.2827	11.164249	11.837108	11.700259	11.705797	10.172342	11.643453	12.24988	12.026414	11.588038	11.120394	11.279716	12.717396	10.788947	10.513276	10.930529	11.057316	11.472091	12.299811	11.378312	10.253528	11.675055	10.211941	10.885876	11.085338	11.564556	11.997427	11.963972	11.545314	10.927788	11.818396	10.544828	9.607682	9.874759	11.675055	9.92362	9.726982	10.864998	10.46797	10.794394	9.658078	10.397689	10.863566	9.97708	10.683055	11.335287	10.259227	11.530915	9.397727	11.454656	11.237758	11.309502	10.546466	11.858598	10.605697	10.849434	10.62133	12.073321	12.653522	9.165384	10.162525	10.816191	10.62133	10.687653	9.967811	11.046719	10.448436	10.899991	11.274575	10.023253	11.070318	10.997165	11.411772	11.569233	11.377984
INHBA	4.656317	4.822448	5.007284	4.901246	5.398234	4.870249	4.462	4.595454	4.901443	4.906201	4.885854	4.771568	4.877687	4.865561	4.516079	4.70087	4.666097	4.520174	4.606134	4.663817	4.877547	4.543887	4.386637	4.565167	4.581885	4.631389	4.439382	4.748787	5.906689	4.938837	5.121876	4.861575	5.049884	5.142462	5.629826	4.924197	4.972593	5.148626	5.019199	4.668473	4.666719	4.60553	4.914515	4.89211	4.529178	7.165543	6.386189	6.656332	5.019807	6.317251	7.496871	6.107405	6.46804	5.127869	4.938148	4.928095	4.981379	4.966937	7.063076	5.024143	4.808686	4.519718	5.106511	5.942362	5.623336	4.481733	4.532276	4.773116	5.447751	4.663527	4.633917	4.550135	4.550655	5.808031	7.395649	4.467656	6.501055	5.807389	4.52876	5.884095	4.681352	5.186745	5.581199	6.764658	5.296355	5.830632	7.528254	4.735565	4.794802
RARRES3	8.12008	8.954796	8.570463	8.835077	8.376878	9.560396	8.581463	9.757202	7.628983	9.832033	6.70096	7.799951	7.472937	7.84101	8.016088	9.855974	8.187491	8.34648	7.278352	8.994801	7.937486	8.839137	8.942675	8.050682	8.749599	7.59684	8.295909	8.752941	10.182	9.089974	7.670995	8.302835	10.11165	9.053955	8.80992	9.990038	7.82861	9.963457	8.82319	8.608584	8.092175	9.518442	8.301441	8.435049	9.858095	9.254863	9.387382	9.760869	8.9011	9.882611	9.630911	9.968066	11.650513	8.367168	8.154086	9.085322	8.582228	10.032149	10.348781	9.560396	11.128314	9.688859	10.427006	10.025632	9.745263	7.821706	6.64259	9.638377	9.590086	8.228906	9.149055	7.720789	7.930633	9.162796	10.094231	7.920939	10.58237	9.369425	8.259081	8.973333	8.841509	9.37699	9.86081	10.682088	8.602048	8.860833	9.684358	9.382687	10.666966
CBR3	6.700562	7.14437	6.256041	7.349332	6.755372	7.329078	6.702131	6.812912	7.553859	8.128634	6.685212	6.157242	6.365364	6.47832	7.032804	7.464107	6.601831	6.013218	7.096227	8.043196	7.123849	7.088322	6.414504	7.101084	6.123565	6.352172	6.71012	7.077027	8.234291	7.072432	6.618792	6.660627	7.435222	7.146713	7.100416	6.805294	6.548831	8.523	6.827909	7.376816	6.58275	6.963054	7.0231	7.29739	6.534944	7.91599	8.16604	8.488559	7.282901	8.572228	8.041641	7.595548	8.535653	7.18151	6.848997	8.042871	6.728704	8.343706	8.424495	7.778811	8.380881	6.53048	8.580682	7.292506	7.760933	6.550844	6.372923	6.920143	7.881484	6.41043	6.793822	6.59539	6.46817	8.017474	7.756627	6.406629	8.142063	7.706625	7.301265	7.903937	8.065914	7.793163	7.935899	8.788172	8.467054	7.910804	7.982347	7.04717	7.273903
LPL	5.704312	5.97111	6.15518	5.866473	5.852062	5.712873	5.694847	5.550647	6.006752	6.432921	5.602352	5.820426	5.889881	5.464189	5.385671	5.834165	5.123503	5.023327	5.488268	6.672193	5.18555	5.175712	5.093135	5.20083	5.064286	5.228008	5.203554	5.916428	6.209078	5.724166	5.90662	6.058544	6.429935	5.880373	8.119953	5.421983	5.859138	5.926723	5.760177	5.112655	5.110444	5.28088	5.645486	7.103262	5.2829	7.72145	7.415928	7.816412	6.814228	6.953966	6.218284	6.370037	6.501006	6.27721	6.912497	7.716444	5.652272	6.211522	5.431561	5.584106	5.370873	6.467433	7.067733	7.614304	6.765536	5.623272	5.75377	5.631749	6.632971	5.634864	5.20477	5.256796	5.593621	8.331346	6.047354	5.211286	7.362658	6.814024	5.076659	6.599	5.247558	7.09695	6.838628	6.839335	6.80382	6.646237	6.527786	5.136542	7.199891
CEBPB	9.486766	9.583326	10.632132	9.687811	9.387835	9.44661	9.404722	9.057318	10.011628	9.923252	9.094593	8.770028	8.440972	9.225234	9.074268	8.917304	9.241394	9.002119	9.363799	9.791151	9.54701	9.289894	9.000277	9.237343	9.01133	9.079092	9.033291	9.069181	11.444187	10.440897	9.434476	9.160287	8.641564	9.864968	9.983284	9.348928	8.468482	10.987452	9.744325	9.293655	9.253151	8.997446	9.37957	9.959271	8.977345	10.599375	10.490891	11.037388	10.197874	10.640578	11.815823	10.671992	9.776825	10.742947	10.171225	10.058315	9.742978	10.125458	12.7972	10.238775	10.203468	8.632836	10.218412	9.887899	10.43754	8.888149	8.890959	9.19489	10.695286	9.319749	9.35715	8.694284	9.222192	10.689448	12.361578	9.231468	10.830796	10.354551	9.276981	10.357404	9.935242	10.484667	10.617987	11.117222	10.2556	10.568538	11.553851	9.483003	9.668227
MNDA	5.832957	7.462354	5.471813	7.869296	6.668297	7.268975	6.4361	5.712248	6.953695	8.165388	5.479438	6.419031	6.030311	7.164343	5.588694	5.689174	5.654212	5.365214	5.578727	7.988413	6.515837	6.939623	5.622081	6.707116	5.947445	5.612711	6.44106	6.90993	9.359669	7.38066	7.329504	6.216923	6.921428	6.314871	8.142562	7.152939	5.54291	8.73062	6.237836	6.295906	5.254691	5.63362	5.415475	7.594391	5.6773	8.394409	8.999962	9.218172	7.119279	8.587009	10.879878	8.009218	9.334948	9.720486	5.92474	9.403931	7.676416	9.359669	12.555351	7.738381	9.122291	5.657326	8.45516	8.444205	7.932579	5.808039	4.615744	6.423222	9.664398	6.455597	5.635468	5.849496	5.847583	9.609557	9.938531	6.556855	9.929372	8.384443	5.936639	9.259376	6.992989	7.620254	7.630188	9.309112	8.604664	8.882039	10.650807	6.489213	6.637425
SERPINA3	5.718	5.819157	4.567757	7.610275	6.248885	6.68247	6.575414	6.648419	8.722389	7.418666	5.843235	7.005201	6.225319	7.057508	5.937018	5.844324	6.057498	5.718196	6.045524	6.189716	6.577975	6.068711	5.67663	6.044691	6.16656	5.635006	5.373648	6.504002	8.814825	7.036285	6.944359	6.70663	6.39432	7.884383	6.857911	6.980914	5.96029	7.268782	6.329165	5.752885	5.930932	5.856077	6.229296	6.069364	6.321339	7.994618	8.36361	8.762462	8.251566	6.977573	9.611608	10.486528	7.385564	9.047604	7.691351	7.58405	6.69837	6.107624	9.615143	10.156435	6.600678	5.607721	7.029602	6.561398	8.291581	6.044785	5.643636	5.609145	7.790047	6.211193	5.814527	5.803905	6.224615	8.292055	8.177099	5.33438	8.147852	9.388804	6.103764	8.462066	8.625678	7.887123	9.79001	9.509912	9.530887	8.669823	9.517298	5.946799	6.25542
CLC	6.625268	7.931116	8.221306	7.459752	7.866242	9.108241	6.850919	6.558788	7.185398	7.720375	6.069924	5.926997	5.894025	6.235523	6.369265	7.537822	6.194321	6.503162	6.290094	7.819236	5.019732	6.646325	5.207991	8.405073	4.915379	6.526133	4.747635	7.772864	8.875318	7.167141	7.277854	7.43699	7.167229	9.356302	10.039913	6.388704	5.665558	8.884693	6.076558	6.557724	6.029782	6.45206	8.53449	9.474734	5.904525	10.663904	7.825641	8.972311	5.919387	8.591292	8.433017	7.4438	9.197704	11.549543	5.54004	7.94461	5.835656	9.460391	10.901749	7.211023	8.041093	8.474821	9.363139	8.883916	8.527915	9.274746	6.983346	9.172474	8.897086	8.365638	8.312947	7.698999	8.969098	8.602458	7.97629	8.791273	9.087663	10.091282	7.833729	6.13933	9.593069	4.233293	6.672121	7.863765	6.392327	7.715715	5.056598	9.394199	7.522132
SAA1	6.104749	6.201744	6.893684	5.923986	5.969985	6.111137	5.846229	5.911324	5.916301	6.937743	6.573115	6.331495	6.508329	6.44511	6.503893	6.555748	6.518432	6.665836	6.511465	6.67232	5.855401	5.878682	5.959202	6.033509	5.914688	5.965922	6.004431	6.200754	7.092293	6.150073	6.060067	6.102076	5.98577	5.797848	7.413891	5.905799	6.395886	6.858088	6.516815	6.282829	6.357345	6.625873	6.479865	7.010412	6.199319	6.622167	7.672244	7.099497	6.052973	7.854876	7.897915	8.373834	8.338492	6.936284	6.725508	6.860602	7.141647	7.683282	9.130728	7.774607	8.038036	6.203787	7.995914	6.748892	5.713646	6.098725	6.224799	6.491426	8.499847	5.9341	6.830257	6.123012	6.121776	9.242211	6.393056	5.884646	7.557287	8.026811	5.93924	8.478168	7.275027	6.452847	7.899083	7.394824	8.96332	7.177653	6.893281	6.20514	6.278692
CTSH	8.824054	9.897856	9.361221	9.913207	9.816437	10.36716	10.071437	10.154357	9.884292	9.668603	8.207439	9.464894	8.673885	8.988246	8.841948	9.205556	8.587401	8.960127	8.957892	8.959683	9.350654	9.761115	8.85801	9.35193	9.489913	8.966816	9.640067	9.854816	10.872124	10.589668	9.923677	9.933182	10.406734	10.907521	10.443507	10.069264	9.359167	9.474241	8.968516	9.082573	9.10705	9.701834	9.021921	9.495899	8.538718	11.445735	11.027482	11.4861	10.714097	10.348191	12.014257	11.184826	11.247561	10.222343	8.961999	9.650444	9.537427	9.639908	11.11314	9.668603	9.646534	9.036725	9.982449	10.494488	9.819384	9.115584	8.698606	9.215752	11.1332	9.468259	8.829586	8.220298	8.903868	10.453204	11.815007	9.080726	11.319281	10.565282	9.694245	11.407145	9.500138	10.460597	11.283448	10.986673	10.742132	9.984838	10.07691	9.650615	9.984838
VIPR1	9.475741	9.596476	8.915973	8.901953	9.551988	9.800584	9.315409	10.339541	9.000517	8.341424	8.922871	9.800584	9.394317	8.877493	9.827374	9.790597	9.105702	9.549428	9.190696	8.034451	9.557796	9.696444	9.761253	9.701283	9.486689	9.597822	9.881026	10.100815	8.940872	9.100683	8.651142	8.766116	8.778234	9.467823	8.31858	9.867361	9.555849	8.849494	8.953285	9.350425	8.88573	9.309017	9.326384	8.423705	9.788849	8.009491	7.936258	7.501422	9.000517	8.430805	7.910767	8.487108	7.497564	8.597758	8.328915	8.285572	8.412937	8.354907	8.735441	8.854383	8.269077	9.577513	8.262585	9.229	8.802603	9.433879	9.790678	9.583483	8.084314	9.463675	9.581926	10.045086	10.355359	8.43993	6.650164	9.681781	7.707745	7.573703	9.462017	8.13747	9.239314	7.847225	8.272964	7.468439	8.718584	8.382895	7.92338	9.241783	9.542729
MT1F	10.687457	10.862431	11.160446	10.239106	9.597498	10.114478	11.367404	11.257544	11.034299	9.225514	10.265774	10.609513	10.516716	10.481965	9.982861	10.545755	11.058085	10.966252	11.056085	9.194747	10.709976	11.648054	11.459058	10.699001	10.220611	10.60012	12.230316	9.668005	9.404947	10.080109	10.286467	11.056085	11.901962	10.287493	8.888943	10.701019	9.323375	9.495015	10.268734	10.827694	11.538297	11.660399	10.478282	9.461195	10.775197	9.503501	8.481389	8.860234	10.796674	8.53399	8.697645	9.875904	9.01573	9.70931	8.574806	9.547033	9.974183	8.948713	9.2776	10.280239	9.161539	10.831331	8.440001	10.415022	10.13557	10.513977	9.411247	11.309238	9.240271	9.840618	9.357003	11.771035	12.316244	8.021349	9.283926	10.122515	9.307087	9.036442	9.199098	9.843489	9.277707	9.461673	10.526608	8.905499	9.722271	9.670219	10.143767	10.699001	10.836994
LCK	7.163662	7.808767	5.992281	7.724586	7.446553	8.054541	7.689397	7.451244	7.250376	7.461545	6.7766	6.976079	6.755231	7.343537	7.457232	8.461471	7.85218	7.059426	7.803224	8.195359	7.964787	7.481668	7.311373	7.995065	7.854464	7.399977	6.81883	7.696722	8.332944	8.618293	7.290102	7.731956	7.454612	9.222971	8.247154	8.695522	6.880478	8.076027	7.454331	7.722687	7.040302	7.679928	7.392962	8.248426	8.357348	9.108631	8.178007	9.333345	8.52746	8.022734	9.167521	8.147237	9.014459	8.292394	6.727866	8.152829	8.29943	8.13771	9.37651	8.135108	8.863028	7.509241	9.057667	7.834399	7.424682	6.926241	6.883083	8.108912	9.224708	7.438315	7.721589	6.925474	6.938206	8.256239	10.779397	7.363963	8.842701	8.597002	7.211154	8.898986	7.380445	7.624984	8.671385	8.863196	7.748769	8.293753	8.063358	7.82535	8.109977
HLA-DRA	10.763913	11.942828	11.680597	12.192018	11.936508	12.395239	12.459354	11.894172	12.107565	12.640572	7.540168	7.599238	7.828925	9.434019	9.538971	10.762747	8.908448	8.842842	9.71711	10.206628	11.565941	11.815414	10.275794	11.151167	11.056962	10.869894	11.151167	11.163114	12.936671	12.813625	12.161201	12.499752	12.445827	12.490015	13.232043	12.531302	8.483347	11.886109	10.443414	9.753626	9.333365	10.478146	10.350841	12.125921	10.574915	13.039672	12.712829	13.635655	12.804004	13.203323	13.562929	12.852191	13.776927	12.395239	12.28853	12.874559	12.673246	12.89393	13.294506	12.2965	13.533293	10.043203	13.724673	12.628428	10.802308	9.783134	8.483348	12.461762	13.320565	11.10375	9.913473	9.446409	9.96925	12.359432	13.503092	10.19044	13.862798	13.200611	9.48459	13.069147	10.952458	12.044164	12.859443	13.603693	11.930015	12.131375	12.420317	12.260865	13.409564
CA1	9.043821	8.906166	9.963263	8.946553	9.762768	8.579457	8.578379	9.098624	8.452852	8.918026	9.504808	9.583193	9.953629	8.303759	9.602624	8.753747	8.758239	9.213672	8.984808	9.004028	9.561101	9.361711	9.889215	9.889215	9.808741	10.054885	9.58018	8.806619	8.506361	9.086589	8.930165	9.640492	8.92885	8.784897	8.305555	9.387463	9.123526	8.847113	9.531966	9.142639	9.167047	9.116147	8.630066	8.535568	9.976696	5.720168	6.368183	6.00245	8.965402	7.576044	7.098096	7.782414	8.261007	7.533298	8.120663	7.798594	8.799534	8.49427	8.037129	8.264715	8.571237	9.741278	8.604425	8.585309	9.24367	9.598499	10.191357	9.37933	8.008027	9.288266	9.501133	9.621374	9.620654	8.173019	6.069012	10.014044	7.719364	7.279088	9.367374	6.508635	8.750379	7.817779	7.852641	6.78884	7.734342	8.502883	6.922561	9.330475	6.332866
RUNDC3B	7.609835	7.996188	7.403732	7.590712	7.558778	7.963656	7.266369	6.969068	6.75096	7.348291	6.81321	6.02571	7.494062	5.658315	7.219634	7.77803	6.897691	7.284002	6.594664	6.741975	7.211082	7.454946	7.174374	7.907617	7.100343	6.912582	7.516232	7.631854	7.176316	7.324539	6.089441	6.200062	5.222642	6.528265	6.793566	7.77216	6.67686	5.946091	6.829643	7.274236	6.365562	6.999839	6.699294	6.100255	8.375656	5.742933	6.286732	6.100807	6.94648	6.270962	6.200801	6.21095	6.471185	4.667976	5.898481	5.176214	5.220534	5.461114	4.703406	5.70041	6.639873	7.637359	5.066075	6.49926	6.3512	7.975992	8.214309	6.429009	5.610269	7.530901	6.441301	8.317168	7.631414	5.760367	6.319886	7.986841	5.427895	5.643099	7.481458	4.776303	6.306659	5.55299	5.652167	5.916758	5.060075	5.847532	5.278877	7.38343	8.61353
ACSF2	9.190022	9.338351	7.526488	9.017148	9.105668	9.690722	9.545058	9.75775	8.672137	8.474458	8.849987	9.162139	9.349019	9.017148	8.999114	9.962577	9.238061	9.841098	9.350951	8.535947	8.978265	9.180802	9.423709	9.339502	9.144976	9.063486	9.282573	9.303184	8.215748	8.864536	8.390897	8.867656	7.78007	8.689503	8.214211	9.70218	8.956018	9.156755	9.174769	9.017148	8.819394	9.386411	8.931316	8.454846	9.595693	7.745651	8.033309	7.546474	8.58019	7.876228	7.475556	7.888767	8.011913	8.229251	8.463715	8.113527	8.312874	8.196419	7.65636	8.133301	8.623559	9.720511	8.689212	8.560902	8.081141	9.462245	9.738813	8.88073	7.925368	9.518276	9.314558	9.911965	10.067527	8.008051	8.01259	10.372272	8.252764	7.927782	9.487948	7.546776	8.553881	7.535829	7.433449	7.873812	8.011217	7.548264	7.227139	8.706401	9.290587
C5AR1	6.345424	6.39874	6.073327	7.719721	6.891663	6.575817	7.477343	6.48706	7.015344	6.922468	5.995746	5.910616	6.314619	6.436469	6.327699	5.648035	6.299006	5.934978	5.764356	6.506812	6.070972	6.546157	5.492523	6.000254	5.653837	6.170915	6.830203	6.376719	7.314213	7.682996	7.226967	6.721272	6.371868	6.912574	7.158268	6.794412	6.638688	6.8755	5.941336	6.211047	5.829152	5.616897	6.262763	7.05146	5.783963	7.945665	7.39085	7.897855	7.993803	7.620382	9.291407	7.884658	7.97481	9.673645	6.333491	7.374269	6.824341	8.096117	11.241654	6.766273	7.055169	6.021425	7.127646	7.591221	8.216105	6.550285	6.092942	5.950749	7.713181	6.421525	6.483923	5.978882	6.35535	8.463177	9.316259	6.210225	8.175433	7.252945	6.15671	8.168176	6.618837	8.364233	7.660097	7.908939	7.259398	9.257017	8.846925	5.875454	5.79721
SLC16A4	4.779705	4.711584	4.486539	4.658776	5.250457	4.700515	4.513621	4.504221	4.389697	4.617793	4.265218	4.087983	3.886392	4.212792	4.555121	4.145737	4.212792	4.128804	3.995861	4.381841	4.17426	4.146226	3.905799	3.962068	4.128467	3.894626	4.167816	5.019329	4.836037	4.845224	4.327681	4.459416	4.814107	5.200504	5.666982	5.058754	3.944381	4.095302	4.062485	4.698136	4.336546	4.705518	4.504221	4.715518	4.358961	6.747278	5.721982	7.020973	4.541137	6.04137	6.79947	5.865854	6.266335	5.004238	4.213876	6.25058	4.326967	4.920014	4.405725	5.149007	4.294259	4.247403	4.027045	5.102728	6.653474	4.242661	4.149791	4.144266	5.50262	4.075966	4.170789	4.046219	3.981549	5.096275	6.704066	3.808496	5.105927	5.207979	4.499904	4.690852	4.702186	6.690933	6.107881	6.468793	4.330116	4.67336	6.248412	4.930727	7.965654
TCL1A	5.892523	5.9572	5.939401	5.898208	6.1034	7.927515	6.427098	6.13617	6.017671	5.959277	6.26354	6.846241	6.368177	6.588354	6.127434	6.279755	6.15624	6.604785	6.586693	6.244813	7.763446	6.378377	6.060695	8.037012	6.998418	6.128849	6.050339	7.103592	8.406339	8.276973	6.168769	6.111151	6.905506	9.733004	8.025105	8.344425	6.101207	7.064426	6.632449	6.208152	5.914237	7.853034	6.417156	7.140951	7.218511	9.093347	7.554133	10.648777	8.949249	6.029359	9.116317	6.284057	8.815033	7.250648	6.342467	8.671017	7.749844	6.52349	9.17318	6.662995	8.071076	6.396916	7.105553	6.384302	6.406058	6.342698	6.561938	6.604838	9.225919	7.765657	6.411805	6.198461	5.991906	8.812713	10.61565	5.960492	6.887273	6.779297	6.189211	9.510878	6.548551	6.20671	9.650966	8.983815	7.429182	7.095361	7.038536	6.901086	6.220225
RGS18	5.784081	7.093748	5.137857	6.651133	6.941852	7.136208	5.670309	5.477798	5.182796	6.184745	4.84118	4.51079	4.633218	4.715026	4.95981	5.146343	5.220284	5.157855	4.99233	6.315371	5.657014	5.776001	4.798937	6.316995	4.651028	4.861012	5.338025	6.670445	7.683017	7.209971	5.481048	5.817796	5.064097	6.709692	7.748241	7.029052	4.821141	5.219015	4.939513	5.003811	5.250721	5.239921	5.101515	6.857208	5.392749	7.45217	6.818368	7.48666	6.58685	7.336342	7.902244	6.722744	8.29022	7.144465	4.730701	5.999828	5.561609	6.445283	9.385733	6.372619	7.190864	5.649346	6.573689	7.593431	6.453963	5.891992	4.220745	5.069619	7.377805	6.169524	5.287996	5.029154	5.21243	7.022621	7.905685	5.914683	8.239944	7.287667	4.774949	6.788345	5.40998	5.893124	6.815866	7.068667	6.538253	7.439872	7.327978	6.564571	6.918492
ANKRD22	8.918628	8.255587	8.558614	9.779698	9.412411	8.29428	10.05512	8.354752	10.261223	10.979738	9.069895	8.586516	8.603782	9.665645	9.704399	8.772173	9.96939	8.931235	10.225346	10.354273	8.62466	9.007307	9.145333	8.343267	8.604392	8.930064	8.3903	9.018852	10.149847	9.46528	10.086826	9.841424	8.640763	9.456445	9.643006	8.079833	9.207187	10.497148	10.031962	10.635505	10.226955	9.078048	9.570266	9.940427	8.98111	9.154393	10.076265	9.511984	9.985601	10.117002	8.895761	9.795903	10.385247	9.814525	10.336986	10.1418	10.642733	9.90044	9.822134	10.080763	10.181182	9.694722	11.013169	9.935219	10.066578	9.437544	10.013919	9.76827	9.820716	9.754624	10.604167	8.606462	8.551696	10.735813	9.065	8.957394	10.866863	9.683536	9.714129	10.298148	9.599451	10.164038	10.337573	10.078418	10.602818	10.712305	10.474055	9.407026	7.618301
RARRES2	10.460051	9.948131	9.645245	10.259787	9.872137	9.769166	10.937949	10.467423	10.871932	10.08166	10.246012	10.759397	9.878116	10.807804	10.390937	10.374794	11.02122	10.206751	10.646004	10.219784	10.833592	10.663354	10.034336	9.342495	10.93925	10.428545	9.872194	9.499974	9.930506	9.716973	9.536188	9.166677	9.484681	11.20371	9.184712	9.853807	9.31162	10.210217	9.750489	9.699558	8.102346	9.441346	11.297067	7.82157	9.236869	10.440647	10.376289	10.537541	10.453204	9.099273	10.702336	10.33701	10.27843	8.673548	9.167263	8.140726	9.418179	8.16256	7.999473	9.649986	7.877974	8.474941	9.849439	9.95268	9.372964	8.950515	8.868605	9.336909	10.944442	9.310807	7.916578	9.644324	9.119384	10.040934	12.090298	9.472823	10.650683	11.250191	9.584004	10.599912	9.309	9.674829	10.239331	10.72825	10.494314	9.977368	10.076383	8.489145	8.561812
RBM24	7.626975	6.229609	8.208369	6.894251	6.308039	5.663557	5.206897	5.922428	5.846943	5.230564	6.776391	6.189545	5.773648	5.863947	6.501193	5.31165	6.097896	5.746189	5.986092	4.181343	8.432024	6.603819	7.447106	5.608999	8.770692	7.835187	7.787442	5.598171	6.105506	7.494489	6.044382	5.029924	5.066533	7.00006	5.646387	7.050315	4.60109	3.940718	7.15515	6.509579	5.664121	4.786045	6.439685	5.587027	7.18153	5.361058	5.136391	5.44846	7.761536	5.88184	6.128055	6.410493	4.932069	3.952122	4.155931	4.139623	6.500779	4.360188	5.267232	6.858749	5.45773	5.000039	4.940858	6.079304	6.353214	4.98785	5.269111	4.819393	6.09859	5.50151	4.726615	5.326194	5.593678	5.300186	5.753679	4.544284	5.624556	5.377466	5.132684	6.299478	5.272666	5.395526	5.042256	6.169086	6.055812	6.0569	5.272866	6.995488	4.54724
ISG15	7.894399	8.550326	6.434476	8.381315	7.940935	8.519414	7.717624	8.661027	8.094407	9.689172	8.190834	8.473333	8.58727	8.73727	7.552877	9.142858	7.43271	7.858924	7.438954	9.048197	7.375833	7.493505	8.065267	7.638933	8.023897	7.921693	7.462301	8.723054	9.213918	8.623344	8.414727	8.086045	8.853487	7.95344	8.633056	8.264356	8.450255	9.675705	8.410668	7.925942	7.238576	8.075778	7.270187	8.626417	8.541207	8.351864	9.294102	8.954862	7.845909	9.452823	9.467272	9.313744	10.806354	8.343911	8.165087	8.549192	8.270399	9.576173	10.41898	8.546533	10.15131	8.376012	9.578524	9.272052	8.810231	7.79742	7.586101	8.477781	9.171154	7.793465	9.238632	7.905189	7.234951	9.612277	9.634786	8.02042	9.699984	8.65064	9.272052	8.683432	8.126459	8.555088	8.978903	9.742059	8.800813	8.810231	11.025949	8.59352	8.770428
NCF1	6.565472	7.276222	6.143587	7.090438	7.306082	7.854671	7.744858	7.916208	6.949064	7.07881	6.177023	6.983611	6.100085	6.925374	6.251132	6.551692	6.118741	5.874802	6.228467	6.72824	7.11383	7.339724	6.324763	7.157094	6.409511	6.188185	6.100546	7.231378	8.165163	7.751335	6.362504	7.421038	7.446577	8.41802	7.810556	7.656754	6.115217	7.658728	6.715116	6.543879	6.229189	6.831052	6.203123	7.108937	6.801459	8.213732	8.223015	9.361612	7.736426	7.358245	8.799873	7.943944	8.597433	8.066297	6.287766	7.690167	7.015427	7.061224	10.274564	6.964263	7.442169	6.540693	8.517386	7.830743	6.905959	6.541662	6.494654	7.143114	8.46834	6.923385	6.447961	6.360435	6.420382	8.191901	9.389647	6.976158	8.90808	8.201149	6.780331	8.029231	6.64803	7.042359	7.932366	8.684605	7.684134	7.434749	8.56045	6.408723	6.855329
CORO1A	7.79415	8.853354	6.181666	8.139299	8.490721	9.436724	8.887673	8.63172	8.231567	8.873948	7.042987	7.384577	7.32964	8.042201	7.803753	9.285021	8.264269	7.801553	7.9712	8.994724	9.160037	8.59599	7.68115	8.845766	8.901398	7.706327	7.63742	8.764015	10.030108	9.70922	8.243607	8.358561	9.001423	10.463445	9.461965	9.606082	7.335402	9.461414	7.669259	7.915614	7.666309	8.695398	7.879593	8.974151	8.735507	10.51235	9.578823	11.375201	9.86208	9.003622	10.830388	9.602529	10.311585	9.813979	7.06162	9.427989	9.058777	9.079355	11.723033	8.911171	9.469941	8.089167	10.075363	9.118414	8.340032	7.649329	7.072292	8.992477	10.726439	8.364234	8.069773	7.393316	7.462191	9.465302	12.559479	8.130992	9.893032	9.914454	8.036535	10.514954	8.386085	8.622339	10.245177	10.220339	8.843117	9.308909	9.625031	8.320481	8.881916
CXCL3	6.94194	6.580332	6.626098	6.662264	7.043546	8.192977	5.72554	5.694028	7.711802	10.230624	6.894725	6.597425	7.344734	7.661594	7.29353	8.170237	6.791857	6.934716	8.173425	10.422991	7.599277	6.094622	6.403488	7.138492	6.488449	6.350244	5.61931	6.635645	10.674652	7.187217	8.013854	5.999715	6.034877	6.705842	9.645245	6.315622	6.936955	10.029883	7.745845	7.684026	6.632459	6.00377	7.453146	8.60128	6.507786	7.910092	10.311733	10.519971	7.255784	9.455881	10.861568	8.736757	9.059987	8.884015	10.577048	11.040071	10.924059	10.003698	10.097207	9.064267	9.347825	5.331151	10.824165	7.994946	7.691806	6.303915	5.532258	7.690861	11.116119	6.010489	9.513708	6.103416	6.463954	11.132035	9.578006	7.011729	9.321852	10.127242	7.101415	10.730437	9.792766	9.605946	9.735674	10.607456	9.838288	9.773266	9.8539	8.428679	6.857556
BCL2A1	5.475372	6.265027	6.640222	7.389098	6.16905	6.933345	6.234202	5.656904	7.682637	8.566853	5.642968	5.514761	5.481752	6.202867	4.933767	5.782907	5.707024	5.251676	6.768829	9.761005	6.980672	5.988717	5.343485	6.586652	6.571632	5.035172	5.010867	6.046469	9.422882	7.21383	7.509102	5.961103	4.895039	7.355105	7.240433	7.23025	5.564025	10.888883	5.988764	6.861014	4.935655	4.972375	5.76952	7.776555	6.235834	8.259762	7.820118	9.232922	7.980539	7.963234	10.430961	7.653516	8.767986	9.304213	5.874047	8.206562	7.872696	9.158044	11.831177	8.375301	9.058541	5.348738	8.793233	7.512347	8.328027	5.841402	4.331919	6.156288	8.75652	6.721671	6.691631	4.976916	5.163194	9.698507	10.152029	6.206103	9.47428	8.858796	6.219639	8.881201	6.732273	6.940986	8.835784	9.473253	8.653883	8.594638	10.761704	6.831435	7.473687
IFI6	7.536064	7.612304	9.241159	8.088547	7.604219	7.696534	7.881994	7.579851	7.790614	7.788782	6.74848	6.162782	6.865298	7.067945	7.694842	7.92984	7.419893	7.087028	7.316359	7.690393	7.445113	7.510803	7.517939	7.510803	7.853808	7.826898	7.101434	7.646917	8.453482	8.407378	7.798595	7.103254	8.563892	8.173735	8.248454	7.715185	6.550927	8.43335	8.129158	7.773232	7.452325	7.700253	7.712375	8.393945	7.01449	8.131868	8.447561	8.931173	7.700863	9.123488	8.979262	8.87569	9.114843	7.978288	7.648495	8.295619	8.746629	8.715912	9.758427	8.819483	8.833103	7.014493	8.995006	8.400874	8.684063	7.215267	6.848217	8.352732	9.153397	7.269255	8.329671	6.998687	7.139013	8.461981	7.703663	6.48485	8.714344	8.734215	6.697204	9.027976	8.039532	7.88471	8.965494	9.334376	7.802191	8.06145	10.592349	8.796928	7.959366
ST6GAL2	6.704098	3.942076	4.146914	6.439694	5.610729	3.663768	4.909429	4.443785	5.479275	3.753707	6.304479	4.18877	3.619111	5.712133	5.264113	3.618804	6.062345	3.847942	5.981796	3.565467	7.004109	6.263726	6.388021	4.279716	7.18969	7.247062	6.297276	5.048176	3.778787	6.105888	5.841979	4.518538	3.493655	6.023767	3.633027	6.209096	4.070255	3.708615	5.700931	6.123652	4.375554	4.009392	6.314039	3.828008	6.385028	3.528425	3.805649	3.705863	7.174686	3.493655	3.89699	3.950129	3.561733	3.516636	3.683343	3.748936	5.586137	3.726903	3.497138	4.01382	3.97197	4.282634	4.235396	4.179234	4.072873	4.374707	4.983602	4.325786	4.106493	4.299053	4.342158	4.152796	3.9802	3.933585	4.088183	4.256332	4.382187	4.383407	4.173488	4.451245	4.244188	4.057437	4.149407	4.255859	4.216809	4.196458	4.642443	4.289577	4.101919
CCR3	4.679047	5.12349	5.775733	4.912452	5.686562	5.761895	5.068932	4.810788	5.255682	4.978046	5.077825	5.38039	5.28501	5.500692	4.890556	5.072793	4.495262	4.977696	4.893656	5.379242	4.437212	5.096812	4.798098	5.512268	4.777303	5.151256	4.951277	5.221515	6.253375	4.967627	5.079884	5.403808	5.507608	5.760219	7.196823	4.864232	4.900743	6.13603	4.802584	4.896926	5.181571	5.266524	5.517056	6.786432	4.851312	6.478211	5.387454	5.824617	4.854045	5.751306	6.913403	5.289627	6.026273	8.242868	5.370465	5.582965	5.223332	6.295465	8.946609	5.567516	5.587528	5.561814	5.956988	6.128275	5.804357	6.586878	5.281538	5.21325	6.282797	4.725137	5.748756	5.352616	5.823043	5.863073	5.899048	5.428639	7.131014	7.546435	5.574524	5.161822	5.822173	4.752413	5.375025	5.684614	4.793942	7.017409	4.755318	5.841402	4.601499
SGK1	10.571974	10.978826	11.530826	10.570477	11.368417	11.179212	9.904878	9.336017	10.246832	10.026718	8.990884	8.993616	11.0726	10.84822	10.432564	10.281862	9.214888	9.21797	10.233868	9.344748	9.61348	9.606361	10.32135	11.059979	11.002123	10.032276	9.324822	11.668636	11.096611	10.678728	10.785233	9.732267	8.989584	11.405388	11.380789	11.867305	10.776106	10.102485	9.703176	11.009799	9.056953	9.675608	11.223772	10.880564	12.078026	10.84822	10.860463	11.656933	10.044509	11.013445	12.125013	12.264069	11.635436	11.188504	11.352088	11.862961	9.871886	10.780012	11.874396	11.925291	12.001164	11.772719	9.693912	10.319243	12.504985	10.238732	12.226175	8.696808	10.53441	10.737315	11.105353	10.514341	10.867986	10.966983	11.020918	10.824999	11.089978	10.582469	10.252897	10.062498	12.658897	11.421195	11.434275	10.497248	12.031797	10.345644	11.454432	9.093184	11.82416
TPST2	8.185908	8.646308	7.343389	8.399381	8.42992	8.742664	8.413683	8.080052	8.465864	7.914472	7.530843	6.123106	6.769779	6.34381	7.534022	7.718529	8.19773	7.01697	8.097998	7.949453	7.248683	8.105584	7.663988	7.65199	7.346276	7.705717	7.693203	8.014344	8.450924	8.773071	8.827864	8.23619	7.601737	8.716646	8.582793	8.338646	6.801855	6.43209	8.128396	8.197159	8.011335	7.676594	8.47523	8.059576	7.486442	10.142217	9.141585	9.557043	8.702611	9.151385	10.344012	9.749494	9.161796	7.821236	8.018237	8.241692	8.512921	8.104765	8.91524	8.473033	8.508947	7.34454	8.811281	7.990443	8.486006	7.688693	7.499245	7.489732	8.977829	7.882827	7.177438	7.228181	7.888075	8.858967	9.800409	7.742152	8.384198	9.914975	7.429153	9.268297	7.754732	9.337727	9.713204	9.802354	8.980623	9.1818	9.1577	7.926331	7.597987
CDKN2B-AS1	5.62512	5.754557	5.595814	5.011145	5.88814	6.01725	4.498229	5.70326	4.221221	4.475077	5.042666	4.493297	5.131648	4.036909	5.580865	5.595814	5.022109	6.391937	4.272043	4.343102	4.958753	5.359457	5.358803	5.52077	4.89994	5.165054	6.549159	5.710396	5.620014	5.580183	4.228966	4.313658	4.090968	4.177683	3.77304	6.009422	5.325853	4.179909	5.244089	5.085031	4.920448	5.257724	4.468741	4.589649	6.549984	4.059889	3.867219	3.783732	5.29738	4.23058	4.02733	3.977379	4.057577	3.767604	3.854662	3.800089	3.925222	3.882005	3.856365	4.113031	4.430321	4.800034	3.957743	4.251832	4.467736	5.020093	4.983057	4.373515	4.337837	5.381094	4.494426	6.419541	5.955261	3.891734	4.066292	5.738958	4.079725	3.867608	4.523667	4.067712	4.347892	4.222024	4.067393	4.292692	3.850279	4.176474	3.903339	4.930405	6.898459
HAPLN1	7.157976	7.78636	7.433146	8.291684	7.955602	7.160957	7.424906	7.492791	7.702161	7.880706	6.128031	5.664778	5.950039	5.850229	6.763763	5.448822	5.697465	7.646341	6.72296	6.332779	8.572395	7.819062	7.685284	7.813423	7.94302	7.599799	7.569235	6.929054	7.317068	7.609985	7.741505	7.475946	7.228008	7.194886	7.802184	7.564383	6.390983	5.688997	5.64424	5.280226	5.325577	5.569668	5.865416	6.134389	5.438712	5.84564	7.478184	6.581859	8.076529	7.064346	5.896226	7.405671	6.631477	5.3494	6.816798	5.920282	5.905443	5.578466	5.161342	6.212483	6.361035	6.617752	5.818362	6.491973	4.824519	7.007419	7.154408	5.821481	7.267536	6.731747	6.281124	6.940678	6.954592	5.997506	5.549379	7.412781	5.463085	4.636102	6.187637	7.221153	6.450774	6.39594	4.912368	5.946101	7.51181	6.447802	6.721561	6.872133	7.230997
SLC9A2	7.072196	6.634931	5.374962	6.536953	7.384339	6.300522	6.306984	7.588893	7.125567	5.971355	7.156601	7.259454	7.547401	6.155776	6.986269	8.638579	7.073182	6.746262	6.996436	5.476774	7.163989	6.898589	7.32361	7.209289	7.080722	6.724384	7.228194	6.64696	5.673079	6.286252	7.328097	6.111698	5.44657	6.470442	5.831396	6.407758	6.541664	6.343844	6.91849	6.30599	5.852097	6.358101	6.789201	7.726236	6.135231	5.710233	5.926534	5.320537	6.385396	6.600518	5.188272	5.875067	6.410888	5.940334	6.147388	6.902941	5.909055	7.098822	5.381876	6.290124	6.843347	7.270855	6.335827	6.566994	6.373375	7.322604	7.322964	7.053601	5.764598	7.692537	6.954354	7.433819	7.647056	6.396207	5.108479	7.348351	6.052038	5.521444	6.520352	5.718197	6.29032	6.189958	5.287764	5.191306	5.604628	5.749911	5.681388	6.292423	4.932925
GNA15	6.328835	6.314109	6.04284	7.336225	6.835137	6.759487	7.132216	6.799629	7.453514	7.064338	6.826371	7.174838	6.639402	6.705143	7.001828	6.399018	7.08355	6.293687	6.783509	7.095633	6.70711	6.770946	6.514979	6.668213	6.604338	6.355551	6.854734	6.463199	7.399698	6.7113	6.999421	6.751412	6.347662	7.099493	7.003829	6.557185	6.703162	7.232842	6.730946	7.469329	6.664463	6.11921	6.928672	7.605304	5.940558	8.367638	7.921755	8.543473	7.114905	7.977719	8.507642	8.571294	7.710433	8.577383	7.320886	8.289341	7.725316	7.554016	9.676729	8.382832	7.133349	6.370016	7.254699	7.590916	7.595684	6.286483	6.271252	7.373066	7.582936	6.338578	6.757229	6.000707	6.378946	8.592315	8.061309	6.235211	8.078646	7.895168	7.036845	8.177617	7.984036	7.183186	8.201521	8.636245	8.730044	8.514961	7.966402	7.065282	5.945977
SATB2	9.628125	9.558735	9.482953	9.711919	9.383572	8.942671	8.187067	8.753275	8.6107	8.371409	8.755777	7.246687	8.662142	8.632039	8.063078	8.135038	8.229973	8.369527	8.239241	7.569249	9.016728	8.552858	9.558029	8.786149	9.19015	8.807426	9.010403	9.235177	8.56381	9.034605	8.791855	8.231529	6.723832	8.745416	8.588909	8.982357	8.676165	7.214743	8.529695	8.180577	8.102464	8.204135	8.103289	8.230304	8.510503	7.226319	8.036786	6.891652	8.979155	8.16048	7.056455	7.126259	7.540824	6.17452	8.302371	7.595456	8.235159	7.950134	6.455335	7.816875	8.361399	8.853528	8.223694	8.182024	7.64751	8.595956	9.596712	8.587261	7.529753	8.967603	8.614292	9.284038	10.15467	8.196196	5.620231	9.247113	8.088329	7.190022	8.721316	7.443997	8.251262	7.580392	6.950712	6.752477	7.892274	7.282959	7.549563	8.047129	7.52108
CWH43	9.274066	8.884223	8.296955	8.287389	9.285349	9.675712	9.29558	9.423596	8.965025	8.593031	9.768429	9.176861	9.918768	7.973711	8.864533	9.639077	9.428203	9.885967	9.352232	8.879707	9.639377	9.585484	10.003232	9.94465	9.600481	8.770226	9.906191	8.801624	8.029563	9.086893	9.414617	9.468921	4.734509	8.632929	9.209289	9.298596	9.753571	8.39332	9.77136	8.98143	9.337527	8.554699	9.468921	9.465318	9.281312	6.804254	7.853336	6.539505	8.074327	7.349403	5.497709	7.089582	8.222781	6.529924	8.875207	8.302055	7.927481	7.992708	5.566602	7.983574	8.783802	10.06724	8.993091	8.753403	7.617063	10.229791	10.522009	9.833765	7.159611	9.403866	9.782595	9.87836	9.595715	7.742545	5.863821	10.170909	8.382185	7.203075	8.837946	7.500378	8.498827	6.411841	6.308574	5.929637	8.617026	7.949156	7.397014	9.3301	5.560847
BANK1	5.295364	6.155196	5.194551	6.232557	6.210405	7.248308	6.240887	6.121904	5.559166	5.438412	5.468015	5.894759	5.564686	5.915796	5.747798	5.784041	5.310943	5.9058	5.585805	5.756261	7.407455	6.123138	5.040003	6.992677	7.217978	5.834126	5.342269	6.961356	7.475123	7.709544	6.015538	5.671306	6.007676	7.483598	7.436415	7.64551	5.647908	5.91674	5.808493	5.713832	5.722782	6.408395	5.597778	6.957232	7.118301	8.214175	6.982397	9.509827	7.688699	6.219071	8.931829	6.446154	8.780087	6.442467	5.874517	8.590562	7.46708	5.836824	8.34149	6.346667	7.685446	5.460888	7.403451	7.059485	5.540501	5.233942	5.207592	5.494147	8.617686	6.270907	5.739891	5.38155	5.040846	7.931792	9.348152	6.0419	7.997138	7.35271	5.255849	8.718304	5.119363	6.59066	8.35457	7.930352	6.443116	6.8088	7.337322	6.567519	6.527737
MT1H	11.022394	11.219275	12.24723	10.928785	10.163462	10.494727	11.601657	11.658349	11.32467	9.767127	10.568115	11.147064	10.921472	11.270008	10.364507	10.671628	11.46805	11.346547	11.277604	9.599671	10.961217	12.015404	11.610254	11.139333	10.377981	10.90636	12.480076	10.195032	9.998137	10.494727	10.732973	11.481065	12.034072	10.668123	9.440148	11.396864	9.725645	10.070011	10.56217	11.181658	11.693759	11.874572	10.738146	10.227751	11.277604	9.727965	8.795293	9.262618	11.499863	9.352942	9.226586	10.548731	9.68145	10.08452	8.973825	9.917746	10.410783	9.305404	9.998137	10.705102	9.480442	11.135472	8.770655	11.190889	10.814532	10.836517	9.968618	11.64901	9.94468	10.200019	9.700331	11.755115	12.540106	8.457581	9.882916	10.458233	10.137768	9.34092	9.588676	10.262434	9.692128	10.414135	11.170548	9.143265	10.406351	10.401616	10.977605	11.180673	11.124175
INSC	5.330368	5.768956	5.408155	5.562756	5.343879	5.400825	5.349153	5.226779	5.141303	4.966535	4.506207	4.761472	4.354302	4.202779	4.804091	4.618379	4.393791	4.262594	4.479616	4.626531	5.1325	4.736062	4.902277	4.966714	4.513242	4.411221	4.396432	5.369277	5.363463	6.068968	5.022731	5.474589	5.08289	5.052352	6.548796	5.356238	4.496129	4.373645	4.598076	4.520669	4.487406	4.775997	4.614766	5.205118	4.58551	5.909905	6.147655	6.489756	5.58017	7.157808	6.032429	6.673528	6.38769	5.203731	5.574723	5.652388	4.848298	5.907269	6.021419	6.296481	5.595803	4.486736	4.497239	5.64182	6.086875	4.249616	4.191127	4.394868	5.576524	4.989406	4.546209	4.63212	5.298059	6.4197	5.445199	4.881205	5.403776	6.276108	4.804813	5.928826	5.692715	7.545384	6.197672	6.797141	6.036241	6.416886	6.614943	4.534005	5.225548
EVI2B	8.223818	10.203433	8.341138	9.192756	9.273551	9.999512	8.99133	8.929347	8.356989	9.131679	7.769776	7.79575	7.917749	7.807207	6.813969	7.200457	7.723904	7.157585	7.645805	8.603709	9.386932	9.819542	7.379404	9.277489	8.89391	8.756039	8.778291	8.978172	9.524854	10.43629	9.087232	10.004261	9.089216	9.990994	10.352356	9.844608	7.170663	8.967526	7.99887	7.82971	7.654022	7.826149	7.047682	9.697207	9.508252	10.795633	9.934988	10.9656	9.923255	10.460121	11.560289	10.23911	10.728571	10.720246	9.523837	10.461534	9.664984	10.119643	11.744849	8.756429	9.567038	7.778132	10.439286	9.248233	8.798343	8.04023	7.964251	8.882524	10.623543	8.814486	6.865566	8.131636	8.444421	10.087185	11.991218	8.045143	10.506226	10.814549	7.747837	10.257995	8.050625	10.150141	10.607369	10.610259	8.747342	9.757381	10.133457	8.602208	9.010813
MMP9	7.597274	8.703591	7.690733	8.181463	8.138449	8.999782	8.349958	8.250672	8.752739	8.982672	6.760537	8.190474	6.83281	8.374275	7.655057	7.228251	7.127837	7.172474	7.445546	7.77592	8.466169	7.29271	7.18443	7.600009	8.017679	7.381154	6.276455	8.295269	10.417738	9.038356	8.21027	7.754414	8.796222	10.40264	9.16746	9.52547	6.71076	9.402019	7.074936	7.624306	6.967279	7.385684	7.328814	7.724162	7.038683	10.605553	10.133177	11.895268	9.244495	9.013515	11.37633	10.500028	11.27966	8.738945	7.332905	8.040296	8.136487	7.615401	10.680711	8.388892	8.586634	6.745165	9.259399	9.499855	8.162313	7.48615	6.99637	8.600853	10.230684	7.716064	7.434763	6.570676	7.247086	9.897416	11.459475	7.791752	10.405944	9.749167	7.842542	10.452333	7.748462	9.171783	10.370838	10.283058	9.611668	9.689302	11.30723	8.24698	7.54716
TMEM163	4.945669	5.296068	4.975321	5.277498	5.174585	5.702069	4.923518	4.98873	4.93463	5.041592	4.582811	4.675231	4.846263	4.775069	4.627414	4.74706	4.71264	4.751704	4.882374	4.749331	5.235024	4.985733	4.622427	5.16966	5.170284	4.624951	4.725493	5.186698	6.038024	6.133261	4.696398	4.928263	5.83704	6.637331	5.802764	6.076952	4.649005	4.767112	4.687827	4.683944	4.830857	4.601647	4.551622	5.62818	4.697915	6.993873	6.250743	8.077991	6.75942	5.733146	7.404049	6.363947	6.847528	6.321905	4.677408	5.221559	5.152523	5.084153	6.509993	5.240581	5.558276	4.7539	5.122446	5.112179	6.600606	4.571085	4.350096	4.660353	6.77734	4.721245	5.052247	4.77225	4.543733	6.49666	7.484932	4.57344	6.036647	6.217884	4.394001	7.341915	4.391779	5.239378	6.753143	7.148094	5.84844	6.54709	6.105861	5.059534	4.874759
MIR6732	7.64177	7.562811	9.130206	7.430032	7.793937	8.137987	8.090836	7.980864	8.747561	9.842818	8.125364	8.450258	8.850411	9.020961	8.174013	8.116032	8.20756	8.056934	8.394689	9.713672	7.606836	8.149522	7.759837	7.823399	7.499025	7.357765	7.610454	7.791473	9.506012	7.845481	8.401477	8.225414	8.094503	8.845702	9.288553	7.785715	7.850239	10.29691	8.410368	8.694657	7.767547	7.744958	8.550605	9.045228	7.597127	8.553991	10.261327	10.099896	7.692806	9.039678	9.638209	9.109074	8.362436	10.341082	10.03477	10.012303	9.492599	8.854434	10.65271	9.223447	8.367908	7.569292	10.23987	8.716215	8.075019	7.645976	7.551708	8.839369	9.450173	7.708927	9.925059	7.807568	7.685059	10.370878	9.487035	7.809207	9.187067	9.444099	8.073836	10.068823	10.06533	9.015634	9.616112	10.077436	10.401617	9.600349	9.434988	8.567871	8.85381
PCED1B	5.694368	6.779559	6.029953	6.289789	6.17481	6.801946	6.443018	6.405507	6.19323	6.149835	5.980838	5.983198	6.169121	5.962862	5.958913	6.655779	5.938245	6.223968	5.618684	6.304748	6.521472	6.460335	5.855965	6.549678	6.568735	5.810469	5.992106	6.666496	7.201939	7.248722	6.090213	5.986917	6.179759	7.779694	7.259176	7.407781	6.151887	6.110874	5.861065	5.980623	6.41018	6.280926	6.089576	6.665354	6.443795	7.93937	7.27019	8.819085	7.180957	7.011895	8.605903	7.295184	7.983645	6.252098	6.283105	6.707729	6.177266	6.140552	7.877647	6.293007	7.314206	5.946549	7.383433	6.763822	6.392764	5.5447	6.258437	5.822262	7.653821	6.293367	6.254641	6.262075	5.979031	6.752304	9.487275	6.10627	7.653064	7.555472	5.840743	7.476635	5.819424	7.11527	7.56848	7.964098	6.540228	6.835246	6.81958	6.367394	6.13212
SCGB2A1	8.977836	8.281474	8.005543	8.113788	7.818105	8.307824	8.007616	8.215245	7.613236	7.682618	9.464919	8.737452	8.364411	7.328917	8.181785	8.671035	8.529171	8.835727	8.007762	8.116884	8.355915	9.149852	9.214688	8.082453	9.171736	9.49101	8.893301	7.733525	7.953764	8.661174	8.210236	7.66615	7.898328	8.273953	7.406404	8.682535	7.111145	7.963598	9.307344	9.365517	8.701707	8.634634	8.462716	7.311991	8.755796	7.474737	7.006956	6.273233	8.535235	6.935906	6.217934	7.442959	6.644279	6.688835	6.106067	7.157183	8.608272	6.453073	6.625718	7.735691	6.689321	8.214277	6.890059	8.21992	8.131148	8.375526	7.952528	8.306393	7.320478	7.851261	8.194984	8.769093	8.676207	6.297885	4.682981	8.169162	6.499866	7.503124	8.207864	8.308664	8.991227	5.77602	8.429455	5.807076	9.121703	8.016444	6.681856	9.173909	6.93881
IGHM	8.24566	9.546246	9.818302	9.348449	9.266777	10.004706	9.371844	9.544819	8.97235	8.634693	8.154027	8.453952	8.389667	8.385946	7.392978	7.725397	7.670268	7.410749	7.899778	7.597886	8.559235	9.747484	7.280914	8.777371	8.49721	8.386001	8.663793	8.643544	9.959512	9.99349	9.49936	10.170944	10.13263	10.366684	10.373872	9.487437	8.165711	8.790935	8.468097	7.645217	7.594882	8.301763	7.816595	9.090001	8.523216	11.197056	10.236997	11.955547	9.663068	9.723885	12.047015	11.213445	10.862922	9.164373	8.216991	10.138791	9.176658	8.335109	11.120293	9.340697	9.060721	8.243139	10.010198	9.351065	8.983522	8.181947	8.725937	9.114076	11.134051	9.417204	7.190322	8.671489	7.677354	10.412958	11.147833	8.542999	10.313123	11.303588	7.978976	10.52165	8.228564	9.989719	10.765746	10.918741	9.783682	10.239428	10.671815	8.615183	7.824934
HSD11B2	11.202806	11.521815	10.78315	11.196772	11.316216	11.098075	11.670126	11.883208	10.836279	10.213429	10.78315	11.999661	11.432191	10.95105	11.261219	11.703896	11.354692	11.703896	10.921615	10.205745	10.818757	11.523014	11.464956	11.402363	11.105938	11.181656	11.338083	11.700142	10.932929	10.831479	10.69667	10.78315	10.11865	11.386453	9.95489	10.804413	11.5555	11.529082	10.670198	11.400609	11.082961	11.013074	11.191433	10.169185	10.58243	9.209717	10.185926	9.494978	11.036054	9.330468	8.816357	10.35055	9.623509	9.730706	10.679546	10.409433	10.030561	9.520384	9.546484	10.457573	10.603294	11.920361	10.81318	11.002552	10.516566	11.457186	11.757483	11.343914	10.012071	11.352325	11.703204	11.618928	11.848454	10.608716	6.914626	11.587672	10.553916	9.324231	11.648562	9.727159	11.686523	10.352278	9.744035	8.828969	10.666579	10.510888	9.766366	10.592629	10.270934
FAM101B	7.735334	8.665914	8.786047	8.334856	8.611102	8.6411	7.957177	8.280416	8.149702	8.568693	6.568334	6.321692	6.636539	6.554936	6.928953	7.295132	6.784326	7.338189	6.58073	8.053567	7.363229	6.891744	6.708128	8.009325	6.819757	7.39447	6.91261	8.535414	8.869767	8.562252	8.224749	7.973642	8.164747	8.749043	8.625258	9.126087	7.259674	7.837044	6.41554	7.035403	6.437079	6.991824	7.246328	8.157514	8.771328	9.591261	8.891777	9.095628	8.250695	9.005078	9.532436	8.909114	9.214259	8.776242	6.617911	7.235415	7.243243	7.956622	9.442747	7.485199	8.237537	7.091247	7.867515	8.729913	8.841033	8.094807	7.140892	7.532009	8.901281	8.099628	7.446754	7.430688	7.976773	9.065645	9.433664	7.424597	8.452132	9.515281	6.940344	8.590216	8.117718	8.452132	8.396028	10.125309	8.06461	8.759208	8.760106	7.355243	8.143411
ACE2	7.571484	9.281352	6.309802	8.430496	7.985818	9.837937	7.699771	8.560576	6.408245	9.348887	6.97002	6.666214	8.27294	6.537991	7.869155	9.584275	7.021184	8.697551	6.791403	8.852872	6.905249	8.105873	8.100682	8.954437	6.719257	8.434856	7.351536	9.597998	9.155436	8.003552	7.349033	7.650861	10.386768	7.088055	9.291263	8.035323	9.181252	8.516009	7.86485	7.729757	7.955583	9.574427	7.636927	8.977302	8.099862	8.233315	9.455206	9.508589	7.018389	9.851615	8.738418	9.350155	9.157786	8.86504	9.574427	10.182189	8.862188	10.164991	9.226682	9.495419	9.61033	8.266566	8.939642	8.863001	8.835876	8.385385	8.92429	8.642492	8.433928	8.162053	8.859227	9.698517	8.18259	8.993946	5.133925	7.511138	8.600233	9.102333	8.390349	8.499387	9.123905	9.316133	8.428295	8.787614	8.748143	8.767306	8.348299	8.823443	13.185135
CSGALNACT1	5.669058	7.1607	4.770658	6.051912	6.431527	7.250076	5.833726	6.072604	6.130542	6.126542	5.369271	5.474815	5.359365	5.664628	5.791605	5.021185	5.550358	4.689494	4.568086	5.803362	6.467532	6.27585	4.980779	5.755878	6.022636	5.367895	5.573349	5.998827	6.684735	6.579441	6.637268	5.840447	6.406189	6.900476	7.435094	7.347887	5.293484	6.115494	5.42543	5.198778	5.342156	4.906403	6.071343	5.492646	5.574798	8.372786	7.649331	8.214507	6.851201	7.178659	9.136725	8.017729	7.799937	6.254411	5.719007	6.427333	6.659041	6.091373	7.92328	7.203172	6.59765	4.805453	6.570948	7.46211	7.537359	5.56872	5.687922	4.722302	7.282995	5.167715	5.386063	4.927218	5.554172	6.962927	8.186438	5.16255	7.074795	8.471887	5.124219	7.020473	6.135206	8.119893	8.150689	8.242513	6.10796	7.170902	7.538954	5.881145	5.801901
CCR7	6.188912	6.393868	6.103616	6.2485	6.444695	7.182065	6.722421	6.405567	6.384909	6.694376	6.163198	7.166319	6.927385	7.101505	5.764161	5.948171	5.929859	6.126884	6.061463	5.987249	7.512858	6.568891	5.463385	7.850622	7.366162	6.200634	5.619517	7.209984	8.3134	8.028192	6.881714	6.256414	6.700917	9.383027	8.423838	8.814848	6.719251	7.317378	6.424817	5.887613	6.251576	5.56147	6.54639	7.723152	6.911436	7.953978	7.775503	9.324218	7.805273	6.70605	9.199852	6.75442	9.58603	6.606831	6.65263	7.710358	7.460553	6.480604	9.682229	6.447843	7.719914	6.01258	8.010582	6.479468	6.221759	5.742628	5.194257	6.457955	8.749676	6.923045	6.209101	5.838338	5.664175	8.131201	10.757585	6.477745	9.115418	8.349278	6.105899	9.063964	6.063376	6.831795	8.815565	8.392717	7.705169	7.665203	8.305572	6.937898	6.150123
GBP1	7.145971	7.549869	7.425526	8.426023	7.388616	8.496466	6.644762	8.106792	7.798424	10.355121	7.153026	6.714151	6.997898	7.367843	6.376608	8.031489	6.397252	7.207222	6.375032	9.808061	7.020754	7.154488	7.096593	6.758236	6.910248	6.872568	6.285082	7.303451	10.427259	7.641117	8.384034	7.530718	7.384783	7.103022	8.032811	7.836805	7.648299	9.9769	7.245842	6.868409	6.841301	6.610687	6.724198	7.972623	7.535393	7.424628	8.665261	9.193217	8.132886	9.469729	9.577213	8.276116	10.376337	7.36095	8.652274	9.087797	8.202656	9.652275	10.637335	7.735307	9.668039	7.399075	10.154133	8.40039	8.237589	7.15064	6.292171	8.358249	9.405435	7.482664	8.636396	6.07367	6.847293	9.434426	9.36466	6.659088	10.152368	8.735817	7.023886	9.228205	7.838873	8.222347	8.911986	9.901467	8.719368	8.60253	10.757126	7.829264	8.594984
UNC5CL	6.384996	6.378514	5.385227	6.790067	6.234536	6.536396	6.2276	6.102896	6.807283	8.082379	5.953366	5.982074	6.034399	6.232647	6.039093	6.420424	6.539069	5.519369	6.495998	7.713069	6.219747	6.01143	6.343706	6.269966	6.155543	6.299898	6.275957	6.492007	8.027177	6.147142	7.076662	5.825905	7.87775	6.063766	6.898428	6.159671	5.9771	7.748196	5.710637	6.785117	6.284895	6.062788	6.03971	7.144599	6.026695	7.188558	8.361129	8.063535	6.802263	7.198363	7.519405	6.989631	6.861423	7.490248	8.349741	7.988343	7.186382	6.914454	7.463007	7.674572	7.719857	6.252419	6.626859	6.769942	7.349187	6.522418	6.145352	6.073134	6.507585	6.260597	7.007263	6.196329	6.404245	7.277599	6.236629	5.992817	7.463066	7.357455	6.263222	7.438016	6.806465	7.029429	7.746595	7.457563	8.12597	7.198226	6.908726	6.398112	10.708049
PYY	8.922469	7.690336	7.991943	7.910667	7.995769	6.944848	9.224509	8.584592	8.828906	7.797328	9.17019	10.440648	7.696011	8.992325	9.056041	8.671184	9.937878	8.279992	9.094305	7.856643	8.867088	9.557697	10.151177	9.084038	11.141626	9.951183	9.420749	7.867341	7.091624	8.231002	7.453989	8.175298	9.373039	9.555146	7.669876	9.128223	8.621268	8.804794	8.52267	8.741684	9.079581	8.599934	10.134404	8.099131	9.296204	7.622047	7.608474	6.098439	9.824502	6.677397	7.164724	8.026609	7.578149	8.498747	6.85988	7.02633	9.434978	6.771149	8.338032	8.42614	7.655661	7.73741	8.007063	7.675568	6.911573	7.966045	8.713291	8.661849	7.205793	8.108311	8.247593	8.776444	8.357352	7.143867	5.67083	8.714562	7.335856	7.997437	8.603486	8.543043	9.497368	6.776527	8.711901	6.725007	8.839976	8.643408	8.176148	8.475078	8.050058
CSF3R	6.045066	6.0637	5.652116	6.12974	5.926318	6.093428	6.347331	6.26705	6.765992	6.464473	6.308457	6.580978	6.228483	7.065721	6.351922	6.483641	6.491861	6.595898	7.296301	7.319549	5.815856	6.537742	5.713578	6.069659	5.833778	6.247301	5.941206	6.188649	7.701325	6.282347	6.224877	6.304515	6.302043	6.319061	6.338055	6.149736	6.361315	9.192743	6.159943	6.621955	6.282677	6.658664	6.623897	6.980369	6.582293	6.442042	6.768325	7.02795	6.285338	6.730812	8.698032	7.050902	6.565755	8.231278	6.487097	7.364045	6.853909	7.438304	11.190584	7.678036	7.140308	6.189044	7.237762	6.841764	7.027171	6.59753	6.041716	6.714879	7.152283	5.940455	6.560661	6.112038	6.298053	7.883179	8.081024	6.132017	6.697934	7.166602	6.242209	7.944799	7.396484	7.37042	7.478152	7.340006	8.025923	7.329223	9.298157	6.088323	6.647888
PNLIPRP2	10.932113	6.814268	5.636855	5.944435	9.21169	6.405583	9.008585	9.495797	9.73749	8.419915	10.99641	5.493635	5.883902	6.013279	9.725484	6.218058	9.951478	9.70057	10.015154	8.137261	10.506879	5.84712	10.258065	9.876184	10.644462	11.343279	9.93051	9.031279	8.259739	5.7897	8.988975	8.742665	8.780572	8.745543	5.070444	9.635247	9.18099	7.976412	5.911812	9.416652	9.496981	9.08446	9.279942	4.649576	9.582787	6.549103	6.091578	5.531116	6.941592	4.92999	4.65205	5.936002	5.930614	6.454469	6.336721	6.287982	6.191156	5.191802	5.148425	7.16562	5.745481	8.682228	5.339015	6.678129	6.483046	9.678033	9.360289	7.486829	6.150375	9.228845	5.473117	9.412561	9.99748	5.698108	5.447069	6.187936	5.320252	6.211752	7.760376	5.488147	6.976994	5.878113	7.332442	5.686769	5.158257	6.681141	5.65016	6.012787	12.495602
RP11-38P22.2	8.821803	9.73401	9.052735	8.642604	7.953339	9.253144	8.693797	8.792555	8.072653	9.562561	7.984779	7.452493	8.577278	8.43121	7.925601	9.146169	8.266335	9.122602	8.215961	8.681361	8.750949	8.692304	9.467276	9.416162	8.652792	8.727497	8.802048	9.170883	9.181347	8.477685	8.156007	8.296766	7.429634	7.917383	8.84863	8.94579	8.639034	8.560015	8.242793	8.28838	8.68825	8.585449	7.884691	8.336572	8.912138	7.793065	8.401212	7.36345	8.230495	8.555912	6.429343	7.076675	7.491242	6.472059	8.358629	7.73614	7.415265	8.566113	6.339359	7.426947	8.218708	8.926952	7.502363	8.488651	8.240127	9.112283	9.121824	8.841967	7.287427	9.383656	9.139994	9.098992	9.202886	8.311951	6.319156	9.080529	8.256468	7.183658	8.57336	6.874748	7.810035	7.547729	6.902904	7.359676	7.582297	7.569408	7.04273	8.154006	8.841967
AIM2	5.527067	6.499233	5.051402	6.53775	6.526665	6.999155	6.217573	6.392607	6.186478	6.940196	5.295911	6.472908	5.528944	6.703207	6.026042	5.742601	5.441298	5.154896	5.818029	6.367244	6.916186	6.245553	5.581807	6.077696	6.30364	5.594545	5.330173	6.445089	7.16641	7.636103	6.238343	5.917196	6.222187	7.73235	6.891317	7.519611	5.231375	6.900806	6.103976	5.938667	5.543402	6.273166	6.174316	5.9963	6.562579	7.837244	6.916969	9.000519	8.297621	6.700753	8.285444	7.488435	9.436611	6.357993	5.332744	6.757449	6.480124	6.040275	8.57898	6.439906	7.357144	5.633533	8.041367	7.284016	6.704656	5.216536	5.18985	6.266987	8.175386	6.460764	5.496967	5.096894	5.121956	7.583426	9.211508	5.695509	8.157926	7.487797	5.592921	7.789471	5.672655	7.086429	8.208168	7.838782	6.863725	6.997795	8.05759	6.274908	6.614679
SASH3	7.151991	8.04409	6.369831	7.670696	7.695403	8.331731	8.064138	8.02558	7.346392	7.77879	6.762577	6.912027	6.554149	6.75169	7.117554	7.836327	7.257221	7.326811	7.745702	7.829299	8.182759	7.377248	7.030721	7.720986	7.961238	6.90545	6.833263	7.848497	8.612455	8.59872	6.948229	7.037103	6.906491	9.432144	8.486308	8.668973	6.407845	8.292747	7.105596	7.732256	6.966056	7.802039	7.50946	8.133262	8.15091	8.874473	8.317551	9.656269	8.720063	8.056719	9.540137	8.666717	9.365731	8.59872	6.473662	7.975314	7.992149	7.682083	10.679266	7.962178	8.686502	7.268229	9.149177	8.224178	7.335458	6.945684	6.431009	7.96275	9.314622	7.339268	7.623776	6.786127	7.149476	8.463558	11.165988	7.217824	8.924583	8.666238	7.303628	8.989894	7.521594	7.769228	8.788715	9.105867	7.830857	8.448833	8.097427	7.675163	8.190237
TNIP3	4.722932	4.80541	6.168326	6.024726	5.241254	4.934075	5.20748	4.9387	7.341812	8.663913	4.399765	4.295915	3.903946	4.468754	4.677005	5.129019	5.495233	4.433964	5.703888	8.675301	4.393296	4.596382	4.606208	4.388614	4.11503	4.071824	4.188893	4.707552	7.837062	5.302403	6.53139	4.567245	4.157404	4.800953	7.831586	4.961865	4.326971	6.025792	4.512377	5.880676	4.574098	4.831078	4.680986	6.497061	4.303773	5.943714	9.388522	9.515471	6.412153	7.426795	7.838149	7.601024	6.730242	5.176212	8.681521	9.724449	7.107183	6.826626	8.768221	8.02765	6.882202	4.417493	8.396766	5.724365	5.029066	4.347944	4.312056	4.994712	8.172648	4.702339	7.353488	3.940929	4.554103	9.726349	7.046136	4.481022	8.102088	8.156446	4.50744	9.002994	8.524732	7.210315	8.109001	8.744304	10.151192	8.418629	7.412302	4.891952	4.527888
NCF4	7.023087	7.897546	5.881189	7.867885	7.902757	7.791443	8.245334	7.920723	7.409657	7.418742	6.881478	7.485559	7.671207	7.192419	7.08441	6.76404	6.410691	6.544481	6.283944	7.153712	7.369597	7.761311	6.557346	7.292621	7.109275	7.037783	6.839229	7.541614	8.381476	7.824981	7.296962	8.270944	7.956533	8.24085	7.882611	7.645515	7.058858	8.134253	7.085697	6.756988	6.547409	6.47299	6.689107	7.231116	6.634126	8.24145	8.110668	8.971398	8.154131	8.123451	9.176476	8.558937	8.848674	8.204771	7.240732	8.07978	7.531886	7.924882	10.289617	7.610068	7.614073	7.031581	8.586756	8.395947	7.033989	7.293451	6.74063	7.522813	8.355353	7.437527	6.424804	6.902	7.090652	8.312605	9.431418	7.860764	8.733155	9.084436	7.732306	8.28366	6.936129	7.77149	8.554461	8.811299	7.959963	7.510065	7.706094	6.937432	7.155412
RETNLB	10.559466	8.433412	9.619273	9.817648	8.687446	9.960525	8.906523	9.692315	10.999162	9.36053	10.363574	8.262009	9.895879	10.181977	9.089767	10.513025	9.398496	9.70617	11.04197	9.294693	10.308709	10.048983	10.254488	10.27239	6.137774	11.117775	9.979393	8.163268	7.721474	10.004884	9.60763	8.743066	7.709334	10.881772	8.71974	4.96186	8.280857	7.892755	10.403969	9.810441	9.051431	8.649456	11.088396	9.029481	5.03305	9.209361	6.944637	7.665508	9.040544	8.418528	7.239435	7.690419	7.816883	9.732316	5.808566	8.896736	9.660252	8.465924	8.371431	8.812647	8.042401	9.820339	9.752749	9.848152	7.711728	9.337632	10.35523	10.394448	7.475025	9.260792	9.463252	10.023862	10.664116	9.614087	4.4318	9.901456	9.255214	8.405981	8.943738	10.32152	10.030217	7.15726	7.082949	6.737693	10.74374	7.506834	7.085843	6.372018	8.647461
CXCL8	5.415055	5.596191	6.981264	5.889461	5.726419	5.492993	4.969861	5.013673	6.745639	7.340119	5.787095	5.711355	6.59889	6.768299	5.276036	5.3572	5.590812	5.045673	6.474604	8.166233	5.225709	5.045003	5.471423	5.043921	5.583572	5.425157	5.333335	4.959172	7.841772	5.118619	6.725156	5.568705	5.422987	5.077208	6.361961	5.021586	5.839115	9.584118	5.881862	6.826458	4.925626	5.209897	5.151659	7.693807	5.601948	7.127941	7.503799	7.688993	6.362995	7.088459	10.586662	6.55353	7.365182	9.805641	7.300874	8.774187	8.59351	9.105511	10.847427	7.320634	7.468114	4.927946	7.032782	6.983532	9.020937	5.492912	4.757243	5.101617	6.894058	5.382618	5.752295	4.875092	5.254471	9.081439	10.448497	5.115381	8.586723	7.926246	6.102905	8.879267	6.131874	7.466141	7.806418	9.469323	7.68697	9.395245	10.968332	4.993556	6.176727
MAOA	10.745427	11.127651	10.280018	10.785641	11.036201	11.086567	10.803829	10.682997	10.343942	10.515458	10.794317	11.066065	11.573046	10.336042	11.231806	11.074784	11.059692	10.835505	10.73484	10.608473	11.049157	11.193606	11.066787	11.180142	11.050526	11.324727	11.314303	10.77081	10.405121	10.464853	11.011915	11.261964	10.027478	10.355607	10.790017	11.178712	11.022886	10.474753	10.70634	11.00405	10.992932	10.900118	10.876319	10.680888	11.428141	8.911269	9.092425	8.96286	10.69125	9.601598	8.370006	9.665878	9.667078	9.783262	10.014657	10.408617	10.450432	10.127799	8.996687	10.472956	10.432069	11.537673	10.264417	10.832778	10.598942	11.273513	11.211761	11.167811	9.831012	11.090553	10.785034	11.395622	10.92593	10.145662	7.312491	11.188571	10.021514	9.561224	11.108251	9.489182	10.688617	10.117693	9.644567	8.296271	9.970406	10.13617	9.216447	11.040815	11.428921
THEMIS2	6.502128	7.151808	6.155232	7.148792	7.474125	7.266251	7.664673	6.976651	7.227027	7.261734	5.616207	5.553116	5.549249	5.725027	5.816254	6.161745	6.183359	6.000422	6.025353	6.519458	6.097294	6.981291	5.755826	6.15652	5.967761	6.07784	6.265004	6.808667	8.30428	7.427522	6.90473	6.943137	6.263206	7.649546	7.499058	7.207746	5.665182	7.697833	5.782052	6.244799	5.830823	6.060934	5.736538	6.895603	6.257064	8.264792	7.720756	8.658217	7.555684	7.740009	9.343425	8.419952	8.36828	7.090003	5.789201	6.48519	6.273247	6.788972	9.920849	7.466743	7.194864	6.243737	7.519036	7.122124	7.398219	5.946315	6.015112	6.479676	8.198382	6.076547	5.533695	5.669871	6.608209	7.888541	9.467588	6.387817	8.480354	8.807535	5.984243	7.821224	6.413108	7.692774	8.274997	8.414254	7.099874	8.414254	7.839005	6.284713	6.681506
LOC100129518	7.68729	7.875567	8.101499	8.770246	7.746183	8.032561	7.584815	7.636662	8.759742	9.632458	7.720399	7.517532	7.61367	8.077741	7.474578	7.683036	7.426527	7.504356	7.746183	9.573946	7.323359	7.514802	7.671073	7.519717	7.260305	7.319158	7.72465	7.654686	9.715776	7.897447	8.958836	8.251473	7.509008	7.457281	8.135236	7.622545	7.848882	10.13953	8.059745	8.017167	7.6719	7.630773	7.314619	7.951824	7.445462	8.490786	9.019221	9.183052	8.727741	8.426096	10.667043	8.218775	8.851632	8.780667	8.588383	8.770819	8.618378	8.646727	11.138562	8.427752	8.911596	7.86635	8.945684	8.396856	8.714982	7.866031	8.00845	7.993529	8.791911	7.7163	8.315749	7.621452	7.16429	9.770976	9.636966	7.872192	9.389247	8.876537	7.696921	9.043201	7.963317	8.83667	9.649438	9.718518	9.148909	8.637705	10.815494	7.541277	7.448215
SDR16C5	9.382028	8.620029	7.671712	8.594651	7.597861	8.070445	7.582499	8.682294	9.459868	8.56619	9.187166	8.243046	5.999443	9.062327	6.392404	7.672906	8.379663	7.971149	9.91513	8.543938	8.34319	7.819113	9.286277	8.425431	8.612378	9.213273	8.66967	8.170404	8.322972	8.77968	10.294153	9.439935	10.069984	8.204676	9.608765	9.087383	7.691752	6.877796	8.638504	9.956848	9.319826	8.860291	8.310267	9.582359	9.322274	10.040832	9.085178	9.898135	9.167687	9.963374	9.421338	9.317154	9.45896	10.321751	9.29958	10.082135	9.843168	10.303919	9.124778	9.063086	9.722665	8.738212	8.483829	8.807065	11.05216	9.109624	8.064736	8.903486	8.904333	8.504579	8.610217	8.086034	6.855611	10.448799	7.278746	8.294884	8.085777	9.120333	9.815732	9.711428	10.032021	9.969713	10.370843	9.821065	10.007587	10.327822	9.240472	10.189701	5.360249
PPP1R18	7.364971	7.927558	7.7265	7.776062	7.726278	8.160274	7.91911	7.72252	8.551773	7.900793	6.594584	6.598548	6.802295	6.863619	6.91533	7.315035	7.329811	6.843115	7.30938	8.21211	7.684848	7.615092	6.796972	7.482897	7.563908	7.174415	6.612874	7.651576	9.317156	8.756609	7.772969	7.630088	7.34856	8.886872	8.250086	8.134046	6.691786	8.633347	7.100521	7.104191	6.62108	7.336899	6.703364	8.200602	7.742628	8.988258	8.75973	9.811328	8.6492	8.259777	9.779801	8.597945	8.639645	7.86247	6.948347	7.942544	7.182783	7.636415	9.998321	7.610288	8.19755	7.145827	8.604841	8.459854	7.751635	7.040443	6.562752	7.667259	9.003482	7.544002	7.586707	6.920271	6.927543	8.341426	10.6737	7.169196	8.928653	9.003482	7.387923	8.923487	7.575225	8.077765	8.862961	9.052631	7.835997	8.674244	8.861136	7.45927	7.545932
TDO2	4.625753	5.369174	4.964839	6.044978	5.880551	6.144136	5.409583	4.537837	5.288714	7.162801	4.569661	4.857908	5.049825	4.682578	4.426143	4.221265	4.474637	4.481954	4.509951	4.668256	4.458887	4.731914	4.060402	4.84269	4.099875	3.916196	4.067795	5.465464	6.76184	5.877286	6.53441	5.8762	5.527922	5.930857	6.783907	5.673355	4.795942	4.876349	4.563043	4.480984	4.372284	4.363641	4.765943	4.735825	4.540523	6.481298	6.450367	7.211757	6.307288	5.845451	6.908045	5.98146	7.084668	4.764045	4.82378	5.053544	4.818094	4.740967	4.454653	4.536273	4.809908	4.669918	6.121735	6.44942	5.361434	5.070643	3.623886	4.641064	6.960383	5.2774	5.167416	4.773907	4.261515	6.669145	6.148974	5.178284	6.75739	7.114316	5.634527	6.091402	5.032762	5.364804	6.013859	6.468786	6.037681	5.195644	6.787975	5.403053	5.206227
CEP55	8.790235	7.437913	7.565867	8.050188	8.648848	8.116614	7.377851	7.272024	7.344279	8.501979	9.014119	5.665876	8.781125	6.912301	8.535888	7.885366	7.567963	7.951983	7.104762	9.130252	7.279124	7.833295	7.574322	7.306293	7.827764	6.478815	7.319054	8.604034	8.84935	7.727068	8.099107	8.034726	6.055101	7.23904	8.931535	8.775329	8.916777	8.508183	7.36078	7.874227	8.015442	7.901343	6.94705	8.927139	8.672133	7.591201	8.730606	8.988503	7.751682	8.95435	8.695677	8.469756	8.536279	7.99662	8.735932	8.741588	8.857487	9.197382	8.08869	8.548203	9.348514	7.273404	9.108548	8.947072	8.507023	8.430468	8.373123	7.050273	9.005191	7.912137	7.965907	7.654578	6.416447	8.254834	8.683649	7.594243	9.308675	8.405141	9.009598	8.932324	8.563675	9.491381	8.822752	8.74452	8.412438	8.69302	9.453508	8.32856	7.229421
CD177	11.06254	11.720878	10.131739	11.714408	11.309925	11.634904	10.989937	11.641385	10.507245	10.977604	9.883083	11.672918	10.514679	10.859351	10.047655	11.988673	9.957636	10.199315	10.67876	9.888716	9.905478	10.995984	11.768082	11.561802	11.044389	10.485799	10.821067	10.386769	11.265334	8.999219	9.126359	10.813737	7.969342	11.053763	9.333825	11.371691	10.076641	11.588757	8.742341	10.068493	9.929825	9.76492	10.466082	9.262794	11.274746	7.100981	10.028859	7.801838	10.309574	8.721577	8.826749	10.200456	10.68447	8.963049	11.043179	9.202709	10.121034	8.497372	10.257114	10.073533	10.766351	12.204191	11.203161	9.760593	8.067706	11.888146	12.107611	10.715124	10.042771	11.806931	11.768082	11.596591	10.802881	11.044389	6.542484	12.302045	9.490968	9.501948	9.515649	9.63658	10.369862	7.701818	9.442704	7.840417	10.724666	10.896511	8.770601	10.215993	7.268571
LILRB2	5.787217	6.056282	5.029808	6.963423	6.093016	5.892953	6.252876	5.741723	6.514077	7.526635	5.853538	5.972173	5.797086	6.076609	5.421979	5.547073	5.542136	5.381873	5.573183	6.165147	5.560685	6.213042	5.47517	5.44793	5.148873	5.208495	5.656321	5.700168	8.017588	6.564649	6.908161	6.272566	5.812195	5.747485	6.245459	5.968051	5.999202	7.520913	6.072265	5.305132	5.283225	5.387452	5.308866	6.015259	5.414098	6.668067	7.04171	6.798278	7.080701	7.529605	8.533677	7.078992	7.595509	6.934	5.729779	5.854459	6.169053	6.645786	9.767485	6.087093	6.489874	5.421865	6.553963	6.859782	7.236949	5.799186	5.176775	5.754746	7.569275	5.819444	5.57707	5.100053	5.748667	7.533976	8.482234	5.625056	8.04053	7.024389	5.801669	6.973304	6.078157	7.10218	7.063918	7.628817	6.914481	7.222492	7.809918	5.386272	6.059604
SLC7A5	7.11611	7.268128	6.732646	8.470404	7.764201	7.451789	8.033382	7.156101	8.69038	7.654666	6.729106	6.838204	6.650128	8.50351	7.816591	7.152148	7.68377	7.649573	8.339664	7.730315	6.843612	7.481376	6.741155	7.076396	6.6843	6.89656	6.725811	7.284225	8.117371	7.760515	7.611962	7.198151	7.072249	7.695317	7.577435	6.647027	7.125818	7.957716	6.791656	8.171274	7.515444	7.556771	7.890714	8.093638	6.90433	8.850135	9.175274	8.992115	8.038614	8.710532	9.546447	9.553511	7.749016	7.55761	8.254245	7.490161	7.806328	8.105607	9.560595	8.9044	7.994705	6.732282	8.522236	7.667764	8.500752	7.057764	7.20409	7.637099	8.618319	7.149065	7.6518	6.907389	6.917622	8.422373	10.218703	6.99317	8.411089	8.822594	7.676333	8.603638	7.738881	9.479323	9.307655	9.098773	8.814872	9.1001	9.395757	7.063935	7.21131
TGFBI	10.196498	10.682175	11.219972	11.509344	11.438015	10.810874	11.25458	10.971227	11.08951	10.892733	7.645713	7.411455	7.914092	9.477543	9.113534	8.436225	8.513588	8.526404	9.582819	9.010275	9.699692	10.653955	9.026576	9.810315	8.915199	9.460073	9.563065	9.992033	11.165549	11.555739	11.169054	11.605534	11.533427	10.865854	11.859247	10.629738	8.591	9.221567	8.150772	9.341746	10.133536	9.533421	9.135313	10.411937	8.019192	11.953892	11.704897	12.024198	11.748175	12.4425	12.561135	12.199775	12.136853	11.233139	10.478344	10.690913	9.6035	11.655747	11.805996	10.55466	9.786697	9.028906	9.734177	12.095636	12.221911	10.01128	9.263973	10.080774	11.49025	9.820329	8.206177	8.569037	9.407143	11.425967	12.636316	9.195251	11.36481	12.145323	10.070718	10.787821	10.59076	12.128829	11.584363	12.238673	10.244612	11.726481	12.238673	9.766159	10.515978
CXCR4	7.929874	8.334882	7.448881	8.188976	7.89046	9.057622	7.997368	7.978191	8.133232	7.407977	6.500934	6.232114	6.721898	6.751519	6.63808	7.283545	7.455068	6.978675	6.680864	7.535304	9.352272	8.069388	7.32151	8.60624	8.679472	8.043899	7.475897	8.106894	9.495205	9.74767	8.185562	8.104245	8.143582	9.811901	9.012832	8.941938	6.626325	9.350808	7.049073	7.092858	6.975527	7.303219	7.466326	9.198381	8.343218	10.004702	8.437675	10.956944	9.526774	8.67673	10.608482	9.041077	9.794966	10.172604	6.111636	9.816	8.429983	8.508821	11.415931	9.215868	9.177399	6.594612	8.516669	8.885301	9.051692	6.5336	5.900846	7.696201	9.719101	8.092297	6.745366	6.077037	7.46182	8.868348	11.89314	7.858599	9.476179	9.406783	6.361001	9.486071	7.123546	9.275541	10.910999	9.332348	8.707132	9.029663	10.160292	8.206409	7.561369
TAGAP	5.523897	5.997396	4.800065	5.60946	5.817612	6.164986	5.27389	5.255204	5.298849	5.911783	4.985766	5.117058	5.203481	5.331899	5.070593	5.453659	5.085146	5.153202	5.257017	6.858462	5.702655	5.692696	5.126862	5.694344	5.627948	5.063909	5.179912	5.785273	6.682015	5.998146	5.2987	5.369531	5.239971	6.00187	6.032798	6.164107	5.062399	7.729291	5.151067	5.392185	5.126497	5.218714	5.038955	6.177167	5.846713	6.205386	6.22672	6.861485	5.982921	6.072974	7.767551	6.053572	6.455298	6.30301	5.089992	6.337995	5.824716	6.639765	9.437697	6.106604	7.078755	5.297253	6.790886	5.710604	5.619238	5.166254	5.129076	5.067332	6.657022	5.585789	5.405042	5.017809	5.340298	6.575375	8.194696	5.346408	6.614341	7.082588	5.083666	6.605848	5.374585	5.896224	6.883589	6.992077	5.700258	6.329077	7.759946	5.507027	5.515382
GMFG	7.319558	8.199807	5.468553	7.739486	7.882649	8.06925	8.30393	8.200087	7.994855	8.263897	7.787041	8.070188	7.543705	8.2316	6.767009	7.044076	7.18131	6.906437	6.997564	8.042123	8.19104	7.814217	7.246752	7.852386	7.828875	7.370369	7.360038	7.870243	8.517877	8.613378	8.038938	7.822989	8.523571	8.778809	8.485003	8.239085	7.754832	8.759778	7.954853	6.904725	6.535978	7.114848	6.847769	7.809383	7.77371	9.276773	8.46062	9.359468	8.451778	8.319634	9.286707	8.770537	9.245861	9.026901	7.608124	8.009671	8.304653	8.20798	10.240461	8.028393	8.44108	7.53816	8.903229	8.356791	8.096899	7.171408	6.609559	7.959108	9.267489	7.598713	7.116232	6.7531	7.196676	8.542275	10.492155	7.409553	8.93499	8.773866	7.638107	8.93837	7.410161	8.095737	9.184282	9.162006	8.35802	8.631292	8.686393	7.612456	7.890097
EPSTI1	7.340678	8.409985	7.46097	8.485997	7.521929	8.70158	7.368197	8.111797	7.312359	9.49478	6.740025	6.46394	7.55789	7.138069	6.882507	8.636436	6.973787	7.704247	6.523986	9.446726	7.253412	7.80468	6.855609	7.548653	7.47931	7.254117	6.702556	8.369103	9.749637	8.118949	7.767817	7.05835	7.465478	7.836538	8.190033	8.311246	8.162057	9.448784	7.566928	7.040097	7.237608	7.578991	6.802186	7.830971	7.876376	8.429052	8.848932	9.251364	7.800941	9.130222	8.970301	8.35785	10.099653	6.912422	8.069834	8.371291	7.402075	9.12192	9.24766	8.360775	10.114676	8.219103	10.024451	9.001757	7.533235	7.563305	6.596967	7.50575	9.096393	7.715611	7.45531	7.987778	7.313533	8.363453	9.405046	7.306017	10.178378	8.542071	7.461333	9.267199	7.577676	7.728821	8.557875	9.729525	8.364107	7.707769	9.370179	8.11443	8.707694
SLC2A3	5.564695	6.12559	7.560551	6.438825	6.227313	6.548164	6.204369	5.802282	6.421883	6.642533	5.758945	5.728393	5.579342	5.722339	5.819463	5.848445	5.43753	5.834057	5.888941	6.843264	5.969587	5.850808	5.579227	6.018881	5.69876	5.579655	5.751436	5.868728	7.320548	6.561144	6.2248	5.919718	5.729934	6.222379	6.52639	6.384442	5.65938	6.803441	5.792514	5.686845	5.696867	5.709664	5.399624	6.523323	6.112489	7.209459	7.447254	7.78831	6.523756	6.916602	8.481075	7.239931	6.951912	7.104735	5.921411	6.874838	6.222952	7.584979	9.613945	6.840582	6.767739	5.631467	7.2087	6.788814	6.908298	5.708802	5.636455	5.993671	7.358646	5.925968	5.990871	5.378543	5.469512	7.51365	8.447202	5.695037	7.184906	7.106658	5.873893	7.558177	5.953612	6.466455	7.454974	7.988849	6.628056	7.235652	8.760166	5.826136	6.28165
ACKR4	4.432163	5.111874	4.576682	5.226046	4.670131	5.997766	4.84333	4.850238	4.751244	7.30137	5.328614	5.015452	5.209775	5.105726	4.996406	6.94827	4.814136	5.430039	5.02235	7.614043	4.475781	4.515816	4.963341	4.491575	4.55357	4.755732	4.691623	5.17792	5.7574	4.998562	5.32956	5.038732	6.942972	4.682901	5.206893	4.872977	5.977918	5.553426	5.303711	5.024735	5.328147	6.42039	4.709598	5.262737	4.745796	4.855452	6.178449	6.667142	5.135228	7.497095	6.955215	5.508047	7.609628	5.331639	7.559592	7.355731	5.476243	8.159763	5.860032	5.58665	8.484747	6.165705	7.270486	6.336569	6.67878	5.164841	4.838151	5.827118	5.368894	5.029499	6.965112	4.398909	4.453405	6.492094	4.775741	4.764545	7.647469	6.239446	5.250115	5.713678	5.806066	7.009618	5.884139	7.254896	5.761103	6.028373	6.573191	5.754611	9.210202
RAB31	8.32661	8.796468	7.495001	8.889274	8.914701	8.528913	8.872343	9.417697	8.806785	9.209132	6.579848	6.498069	6.779215	6.743976	6.688015	6.543366	6.568492	7.201731	6.696235	8.269788	7.607687	7.941765	7.130566	7.097441	7.389816	7.404673	7.231245	8.47572	9.49547	9.255654	8.185753	8.786534	8.369098	8.730526	9.647268	8.93492	6.670608	7.511646	6.462862	6.640874	6.563831	7.586374	6.465284	8.473536	8.412869	9.78668	9.995806	9.890239	8.808876	9.661086	10.452555	10.316847	10.205384	7.935831	8.400105	8.014002	7.162957	8.252184	10.479912	8.488407	8.844882	7.075532	9.051309	9.48913	9.312635	7.538416	7.215043	7.647977	9.360493	7.706506	6.721177	7.085623	7.076584	9.714107	10.954569	7.428827	10.016215	9.538484	7.779821	8.914634	8.038963	9.297347	9.403097	10.087077	9.284881	9.465759	10.363727	6.899956	7.614013
PDZK1IP1	8.795935	8.956699	9.015697	8.480087	8.510307	8.915251	9.202982	9.03765	9.078692	10.575392	8.053336	8.489848	7.494026	8.747592	8.870784	9.780952	9.270193	8.807406	8.954532	10.110792	9.189044	9.160635	9.049389	8.568235	8.550663	9.11604	8.979487	8.323601	9.797559	8.558517	8.516314	8.198547	9.678188	8.978045	10.714975	9.047359	7.797115	9.895633	8.544026	9.00744	8.837679	9.087871	9.269811	10.009404	9.25431	10.139001	12.123062	11.430636	8.393463	10.261358	10.585874	11.72378	10.452814	11.141351	10.889262	10.964951	9.672316	10.084077	11.404058	10.740714	10.186719	8.381754	10.503847	9.825787	8.646564	7.778602	8.294558	9.553555	10.282307	7.87702	9.478242	8.89089	8.127051	11.414163	7.955096	8.659205	10.124063	10.941079	7.512363	11.246927	11.023216	10.076636	11.379684	11.520958	11.399409	10.963052	10.784137	9.62578	9.479148
MMP3	7.498074	7.26289	8.1151	11.131325	8.319917	7.339156	10.149335	8.126165	11.113738	10.514687	4.516817	5.683338	4.73832	5.070093	6.569812	6.032202	5.908653	5.970722	6.107426	6.002886	5.769369	6.926294	5.800728	5.046031	5.240809	5.873545	5.914082	8.643128	12.561739	9.483237	8.492196	10.308754	8.551168	9.934437	9.372658	6.42197	5.826835	5.800905	5.34695	6.019444	5.940712	5.983877	6.516193	5.75254	5.926567	11.288073	12.308218	12.405635	10.227977	11.278883	13.597175	12.228691	12.431465	5.746985	8.637022	8.960793	5.838259	5.8499	11.74555	9.184825	8.363897	5.562532	8.167854	10.728537	10.585642	6.520143	5.843021	5.943375	10.113773	5.800318	5.725774	5.887527	5.165486	10.671872	13.517284	5.65716	11.954281	12.717483	6.797741	11.778981	8.628657	10.825961	10.888931	12.252892	11.58084	11.092399	14.000693	6.004049	6.934033
APOBEC1	6.803052	8.698682	8.335357	7.281967	8.43992	8.290728	6.318392	7.513922	5.925646	7.756164	6.796438	7.292481	7.779514	6.952803	8.146129	8.08945	6.036483	6.944019	6.468398	7.663183	5.044457	5.722618	6.99097	7.444727	5.42864	5.907337	6.263721	9.30819	7.706309	7.185706	6.815728	7.100051	9.647081	5.921144	6.927818	6.105391	8.400439	8.1852	7.2111	7.738702	6.412161	9.146354	5.968156	6.641027	7.261135	6.774127	8.698268	7.683149	6.058068	9.920396	7.384338	8.719855	7.859032	8.038529	8.416633	8.133022	6.469266	9.928023	8.541458	8.161699	8.235123	8.609036	7.792219	8.570075	9.170473	8.263634	8.66132	7.954832	6.425912	8.311792	9.141741	8.854461	7.993669	9.052255	5.688099	7.876094	8.269286	7.629681	9.255391	6.264815	7.809013	8.293816	8.28903	7.836051	6.512013	7.616549	7.105574	7.210501	10.528589
MT1X	10.976706	11.130925	11.361391	10.891363	10.109168	10.321993	11.775748	11.394651	11.231701	10.008681	10.66313	10.704669	10.582479	11.275361	10.293611	10.513622	11.560228	11.097323	11.311696	9.541316	11.004423	11.874208	11.567311	11.33419	10.51647	10.960679	12.588521	9.887523	9.955479	10.567855	11.007388	11.364056	11.897403	10.761559	9.718947	11.370493	9.608943	9.985978	10.712846	11.35038	11.923005	11.957292	10.853581	10.151308	11.368438	9.788051	8.935452	9.680506	11.293502	9.684033	9.272075	10.541455	9.68728	10.384722	8.984242	9.912318	10.367143	9.596024	9.690991	10.995772	9.622745	10.985112	8.611245	11.027685	10.743358	10.710125	9.918096	11.523181	9.93456	10.229792	9.58865	11.62271	12.445336	8.894812	9.831782	10.327328	10.119305	9.818404	9.585802	10.246985	9.648724	10.58304	11.048858	9.581322	10.303673	10.348498	11.190688	10.973265	10.960679
MICB	6.927814	7.747002	8.64131	7.962418	7.252957	7.290901	7.333856	6.806472	6.064503	8.313992	5.838339	6.621888	5.534873	7.160587	7.336013	6.427702	6.795147	6.13342	6.300532	8.219322	7.442108	6.545745	5.686011	6.946177	6.576174	6.305123	6.032835	7.10706	9.055046	8.190625	7.430086	6.427049	6.120284	8.251135	7.707968	7.772754	5.780536	7.796823	6.42572	7.382833	6.784095	6.278279	6.958199	7.733701	6.754626	8.562426	8.306858	9.090646	7.898373	6.925978	8.439525	8.397527	9.112781	7.540395	6.223767	7.497218	6.95297	6.202703	9.10633	8.18422	9.160339	6.810475	9.082425	8.145343	7.020702	7.399391	6.792882	6.347732	8.238738	6.831927	7.233314	5.996397	6.365452	7.72737	9.139486	6.876713	9.139486	8.427232	7.313839	8.544139	6.430162	7.87633	8.0943	8.87436	7.860034	7.429741	9.111266	6.794247	8.126277
APOL3	7.172393	7.708168	6.287623	8.265205	7.40084	8.165031	7.423447	7.782561	7.782561	8.980406	6.15417	5.990895	6.896888	6.733274	6.685478	8.120452	6.877995	6.914199	6.468101	8.021516	7.174069	7.285094	6.641932	6.628963	7.239796	6.290323	6.534434	7.549011	9.475416	8.207707	7.70255	7.467988	7.478823	7.845094	7.689322	7.719897	6.322044	8.193745	6.416215	6.963097	6.881255	7.145047	6.652971	7.151105	6.969946	8.388229	8.681957	8.165405	8.328019	8.981231	8.441691	8.145633	9.817925	6.993688	7.162542	7.111043	7.118622	8.09433	8.58434	7.608773	8.714678	7.196406	9.310851	8.266265	7.674753	6.736563	5.856916	7.863896	8.53005	6.870274	7.232082	6.497005	6.908058	8.252195	9.24723	6.910587	9.426092	8.325456	7.362001	8.312758	7.655985	7.567225	8.629994	8.760491	7.94249	7.798214	8.456632	7.692132	8.022984
PDE4B	5.261677	5.729355	5.127657	5.786594	5.901045	6.035336	5.531144	5.418085	6.21858	6.593681	4.856174	4.833655	5.123336	5.213678	5.007819	5.522138	5.32285	5.42221	5.421047	6.987368	5.611701	5.622233	5.045726	5.297743	5.549735	5.477112	5.11275	5.522444	6.87903	5.927437	6.198122	5.307579	5.326797	5.883223	6.157969	5.879578	4.890688	8.002168	5.113706	5.292324	5.147473	5.012454	5.265534	6.371904	5.28136	6.236304	6.725873	7.11791	6.102122	6.503889	8.334226	6.346346	6.751006	6.208347	5.463427	6.284671	6.029577	6.566528	9.921073	6.399874	6.944719	4.840951	6.606482	6.166907	5.886416	4.944322	5.357976	5.473734	7.072371	5.556387	5.08254	4.744914	4.88561	7.291599	8.199309	5.483421	7.236401	6.719457	5.360985	7.463614	5.796449	6.182508	6.849785	7.216367	6.120102	6.914484	7.854404	5.648899	5.706377
NFKBIZ	9.380979	9.579055	9.983039	9.13661	9.926386	10.343816	9.259211	9.749902	9.991001	11.145448	9.222316	9.094453	9.844096	9.450799	9.188051	9.944528	8.982099	9.385014	9.610005	11.072826	10.113939	10.260095	9.30217	9.359462	9.009755	9.565873	9.543165	9.401602	11.171753	9.895256	10.653043	9.17799	9.887935	9.851355	11.36976	9.934117	8.936699	10.977504	9.28071	9.439514	9.174322	8.582605	9.209548	11.800655	9.410343	10.60807	11.360443	11.331086	9.647906	10.874395	11.226891	10.786933	10.221314	11.221674	11.508056	11.655488	10.243082	10.906441	12.15916	10.294201	10.530913	8.865481	11.657021	9.903579	10.222428	8.782839	9.263619	10.723865	11.352724	9.361116	11.04382	8.986749	9.651564	11.971305	10.01435	8.742581	10.528128	10.689128	8.17585	11.550954	11.286535	9.953749	10.912669	11.165312	10.953763	10.669314	11.195643	10.225365	10.85407
FAM26F	5.913418	6.608616	6.004389	6.008964	6.29687	6.947751	6.004751	6.400927	6.386889	8.667567	5.337064	5.235044	5.203679	5.292562	5.323509	5.769193	5.210135	5.339927	5.155821	6.996201	5.818658	6.039374	5.551596	5.837873	5.547787	5.216635	5.439618	6.237617	8.585355	6.800458	6.607946	6.128851	5.78679	6.494473	6.460962	6.766284	5.304776	7.654614	5.65547	5.488998	5.392251	5.391622	5.332162	5.784455	5.771013	7.020641	7.232005	7.617851	7.167411	7.498732	7.521539	7.269058	8.341298	5.864892	5.579647	6.320811	6.398253	6.726247	7.853504	6.262217	7.107419	5.301887	8.175843	7.177822	6.160265	5.672302	5.019693	6.273561	7.55	6.256974	6.18427	5.114639	5.534484	7.014866	7.542454	5.549639	7.815151	7.031597	5.755886	7.574895	5.804028	5.617687	7.464651	7.932222	7.444256	7.198383	7.714272	6.094147	6.48068
HCLS1	8.088855	9.372252	8.817552	9.157761	9.165672	9.869867	9.275854	9.003835	9.130244	9.23045	5.908323	5.630116	5.97117	7.16416	7.114071	8.492017	7.882311	7.109614	7.647892	9.098509	8.704606	9.036421	7.323857	8.542258	8.380891	7.340705	7.564201	9.012225	10.316757	10.098666	8.844714	9.013244	8.915153	10.303606	9.966937	9.893008	6.516768	9.433843	7.162981	7.444044	6.563925	8.165101	7.107778	9.216237	8.391824	10.791923	10.229707	11.269787	10.028723	9.621467	11.380631	10.146504	10.718665	9.859058	6.020463	9.497317	8.946309	9.037229	11.717538	8.941748	9.742816	7.348451	10.296718	9.567208	8.892315	7.248751	6.803519	8.453679	10.895016	8.241386	7.376396	7.158987	7.502543	9.719428	12.403608	8.029804	10.497623	10.482549	7.961143	10.464866	7.902566	9.340315	10.599761	10.705713	9.3339	10.193176	10.252532	8.018969	8.875119
ARHGAP9	6.717548	7.560812	5.729071	6.749718	7.066484	7.937912	7.344954	7.173388	6.882934	6.928318	6.377573	7.697332	6.421502	7.460438	6.540587	7.703485	7.214518	6.69101	7.030256	7.387578	7.843005	6.842099	6.586497	7.158293	7.213589	6.7041	6.63892	7.54605	8.058985	8.153815	6.753043	6.631731	7.042028	8.117698	7.779939	7.776606	6.402729	8.353319	6.665679	6.68588	6.250166	6.897572	6.497196	7.734686	7.684663	8.558225	8.274367	9.070468	7.657819	7.663748	9.732512	7.813764	8.484352	8.637229	6.209668	7.611626	7.487653	7.694155	10.228547	7.573538	7.811157	6.82418	8.218098	7.384024	6.965997	6.299026	5.884674	7.538704	8.936715	6.901228	6.69272	6.713182	7.197663	8.318009	10.351014	7.113715	8.330231	8.42984	6.816673	8.536599	7.154451	7.271262	8.1892	8.57044	7.335911	7.699286	8.130394	6.971057	7.843833
CXCL6	5.889863	5.285833	6.499737	5.041256	6.080333	4.768478	4.699138	4.475623	5.499863	7.089554	4.923465	4.574456	4.354886	4.427363	5.04355	4.842264	4.967542	4.781644	4.661781	4.797933	3.95668	3.516445	3.785399	3.758101	5.346415	3.352254	3.618645	4.611717	9.102286	6.244271	5.12882	4.81154	4.523708	5.161697	6.519481	5.069203	4.399956	4.505229	4.986505	4.745465	4.808857	4.539169	4.972417	4.787977	5.337414	5.029977	8.410943	9.264518	6.481402	8.266009	10.365128	8.613698	9.626486	5.211002	4.961655	4.84515	5.048415	4.52551	5.676751	5.421519	5.282448	3.574972	6.659182	7.27813	6.92525	3.869169	4.02331	3.555088	7.819149	3.885621	3.808713	3.933851	3.719298	7.790259	7.620768	3.627329	7.833281	8.349507	4.80348	8.166899	6.384939	7.680543	8.289335	8.58337	8.497445	7.031361	8.978102	4.250472	6.255805
PTGDS	7.645876	7.873073	7.680854	7.950938	8.541704	9.072669	9.064081	8.60394	8.600633	7.622398	8.000819	8.822428	8.218617	8.720642	8.376983	8.038434	7.851439	8.269462	7.969635	7.868594	8.705582	8.605401	7.144007	8.3846	8.599783	7.613788	7.030481	8.554654	9.054369	9.784137	8.760548	8.546756	9.98375	11.331693	9.647247	9.37437	7.974984	8.314871	8.033504	8.024096	8.065852	7.950215	7.976123	7.663517	7.688517	11.465547	9.602371	11.727483	9.496797	8.405536	11.302547	9.482346	10.906717	8.636271	8.079044	8.15867	8.199489	7.947353	8.888837	8.189271	7.97972	7.558018	9.538448	9.737514	9.306242	7.769518	7.55598	8.943874	10.808543	8.152142	7.771047	7.428541	7.333963	9.643422	11.56931	7.754789	10.630365	9.776849	7.640413	9.87564	8.074841	9.585108	10.768199	9.967405	9.159936	8.739048	9.02791	8.884074	7.564377
MMP10	6.046632	5.242216	4.726732	8.678318	6.351361	5.686906	7.592416	5.848414	8.317097	5.677733	4.194006	4.67892	4.484637	4.524888	5.046086	4.665677	4.809421	4.27582	4.350303	4.412473	4.482092	5.288993	4.652466	4.715685	4.675895	4.619608	4.479093	7.354107	6.61267	7.492413	6.538056	7.004064	4.851759	7.017222	6.371584	4.564785	4.527125	4.190643	4.636775	5.004715	4.878128	4.682986	4.552142	5.598579	4.169999	8.946853	10.370391	8.52269	7.809441	7.979143	9.575512	10.005493	8.296936	6.572997	8.349521	5.908117	5.447169	4.50444	6.813821	7.405906	6.310056	4.798731	5.009657	5.909675	7.013266	4.579322	4.386318	4.609204	7.026498	4.901149	5.143077	4.459465	4.328878	7.692187	10.010154	4.596902	7.329604	8.708176	4.522247	9.892913	6.039727	8.376148	8.484398	8.508943	9.402813	9.053636	11.119432	5.206162	4.563582
S100A12	4.895835	5.134762	4.818233	5.412986	4.784342	4.982837	4.552533	4.728553	5.612422	6.487659	5.268674	5.285718	5.293493	5.138442	5.056827	4.602032	4.63705	4.985092	5.902194	6.462187	4.782592	4.844297	4.672618	4.71976	4.570568	4.717432	4.658388	4.954161	7.809703	4.901852	5.070192	4.67144	4.70919	4.712867	4.675864	4.891889	5.04786	7.579075	5.350361	4.957812	4.698697	5.095123	4.916588	5.64354	5.209299	5.139285	9.458148	7.293016	5.08471	6.07981	7.859945	7.045784	6.178571	6.75918	5.936857	6.29073	5.338548	7.066179	9.470916	8.125804	6.178677	4.742569	4.734955	5.20903	8.834104	4.654818	4.453089	4.608089	6.667121	4.764186	4.925501	4.679495	4.501343	8.962936	7.018227	4.939792	7.305478	5.548394	4.566443	7.030155	6.706915	5.171433	8.125176	7.592246	7.588989	6.15487	9.509797	4.831464	4.998722
IRF1	8.5767	9.11215	7.342662	9.921237	9.163986	10.392692	9.444827	10.323627	10.166842	11.722468	8.039095	8.505918	7.868665	9.46159	8.607434	10.226633	8.798579	9.446149	9.724988	11.488779	8.107754	8.708373	8.825959	8.364322	8.600021	8.677585	8.534963	9.296399	11.166944	9.142282	9.176061	9.045238	9.465275	9.084943	9.606364	9.448866	9.00808	11.173985	8.701206	9.515157	8.700831	8.949357	8.519311	9.473892	9.64751	9.346729	10.60634	10.552282	9.540043	10.322134	10.625511	10.103014	11.195475	9.209173	10.050136	10.022367	9.453711	10.360398	11.420408	9.551189	10.990139	9.657624	11.478876	10.097948	9.467615	9.456921	8.8037	10.077733	10.174429	9.215483	10.71111	8.465862	8.562252	10.974212	10.742528	8.604545	11.26456	10.332002	9.241377	10.557651	9.961582	9.611787	9.957481	10.996525	10.156149	10.004317	10.864107	9.270443	10.191123
A1CF	9.284267	9.518164	6.815327	8.924862	9.774989	9.971441	8.465335	9.803269	7.805545	9.364546	8.842275	9.124317	9.522795	7.887888	8.880121	9.714954	8.566663	9.65045	7.876223	9.276285	8.654413	8.770081	8.452596	9.516508	9.471555	9.130594	9.34554	9.572639	8.7732	8.728868	8.38263	8.108597	8.086701	7.967962	7.901261	8.919335	9.19948	8.858037	8.729877	8.078171	8.087188	8.600419	7.928328	8.466921	9.016296	7.104614	8.368325	7.681683	8.34846	8.812353	7.497245	8.052275	7.68493	7.396369	8.928613	8.922756	7.917915	8.711349	7.40212	8.291835	8.162783	9.091627	7.856054	8.374118	9.029983	9.471555	9.515512	9.049193	7.553242	9.441859	9.275036	9.34554	9.393687	8.603492	5.48081	9.052393	8.333723	6.493365	9.063875	8.208351	8.865424	7.836445	7.947132	7.162125	8.321518	8.414805	7.347588	8.814271	10.065631
UGT1A1	8.219282	8.908457	9.104435	8.164443	8.625459	8.855756	8.353029	8.821274	7.688656	8.606162	8.127097	8.490811	9.275001	7.585531	8.31955	9.340069	8.4199	8.976024	7.872911	8.784873	8.01846	8.243797	8.523623	8.926336	7.878615	8.148966	8.595449	8.82586	8.061243	7.778305	8.159368	8.450798	8.492158	7.302292	7.499625	7.950434	9.282963	8.31436	8.050257	8.362616	8.421744	9.092435	7.896605	7.820218	8.574807	6.654065	7.032886	6.719659	7.813603	7.147884	6.957346	6.904672	7.317032	6.981517	7.291985	7.35767	7.596549	7.595656	7.105749	7.25763	7.741098	9.30561	7.006122	8.348837	8.578446	9.346633	9.368063	8.700188	7.140959	9.238893	9.210271	9.425935	8.49821	7.732282	5.480686	9.441055	7.066758	6.929509	9.262016	6.763512	7.389011	7.249863	7.151964	7.545248	7.373569	7.866387	6.219211	8.113894	8.902592
GUCA2B	8.561286	10.472579	6.980045	10.525495	10.502067	9.534824	10.114676	11.034049	7.950211	10.007855	7.51254	10.596539	8.806685	9.111996	10.519864	9.81604	9.229981	10.417185	9.134874	9.650453	9.469068	10.713159	10.815301	10.412204	10.173145	9.795922	9.638591	10.889485	8.444319	7.856303	7.651687	9.367831	9.477281	7.420486	7.567249	10.819727	10.208666	9.904707	7.80911	9.806243	9.315243	11.308139	8.137459	7.566771	11.816607	5.678891	7.558255	6.153186	8.807176	8.60132	6.285064	8.099593	8.631837	8.438682	8.811195	6.385304	6.340381	9.152924	7.6379	7.784544	8.800116	10.630738	6.582994	9.60836	9.644742	10.224536	10.935108	9.550502	6.26461	10.543269	10.991828	10.763557	10.289775	6.706164	5.617129	10.504126	6.930004	6.210317	10.394455	6.208585	9.826591	7.566027	8.630982	6.06927	7.870352	7.590544	6.905319	8.502866	10.734867
ITGB2	6.790198	7.504228	6.262195	7.677734	7.500901	7.699856	7.911867	7.505602	7.675595	7.619153	6.171964	6.356538	6.294026	6.451052	6.242349	6.624422	6.378639	6.41307	6.565778	7.124662	7.149063	7.109071	6.466232	7.028358	6.777598	6.686259	7.407457	7.179612	8.309268	7.783465	7.311698	7.805881	7.503194	8.087854	8.010151	7.750079	6.18902	7.722926	6.350399	6.571775	6.03174	6.608216	6.53668	7.414232	6.307381	8.42724	7.999539	8.519174	7.750079	7.764788	8.637415	8.203613	8.74668	8.4404	6.254257	7.603577	6.969744	7.714903	9.661306	7.512271	7.811243	6.343172	8.243903	8.212489	7.332164	6.64445	5.86739	7.419088	8.432355	6.947578	6.410672	6.171929	6.144442	8.025938	9.182508	6.978209	8.767169	8.143835	6.692585	8.577794	6.923444	7.324036	8.373077	8.199668	7.857052	7.906513	8.102449	7.125104	7.039965
HOXB13	9.750746	7.836903	6.775242	8.927728	8.753217	7.035577	9.152689	9.516522	8.988544	7.688449	9.750746	10.362467	8.925193	9.805411	9.604502	8.046258	9.853794	9.297827	9.291567	8.073905	10.536844	9.956953	10.160896	8.829804	10.592003	10.446094	10.422737	7.690507	8.690217	9.301147	8.425869	8.58757	8.523467	9.881666	7.90035	9.479316	7.916632	8.722415	9.616615	9.373782	9.038529	8.63168	10.281168	8.645954	9.220941	7.966127	7.341573	6.309363	9.599944	6.447372	7.932793	9.077657	7.901817	8.537087	7.928083	6.985833	9.281774	7.092726	9.007792	9.551699	8.555683	8.407516	8.965329	8.240016	8.98989	8.153693	8.280256	7.474856	8.870894	8.162029	6.898684	8.175249	8.566761	6.4844	6.467135	6.960229	7.028641	8.664889	8.339056	9.484082	10.20491	9.009284	9.168199	7.655253	9.489868	9.297596	8.804014	10.470733	6.53245
TMED6	7.815005	8.433346	7.105346	7.05154	7.467264	7.314568	8.011012	8.144853	7.823112	6.982938	7.452108	8.444512	8.686617	5.732616	7.660034	7.582041	8.432783	8.55028	8.298912	6.84965	7.69008	6.999066	5.950641	8.635267	7.959831	8.991403	8.694636	7.918612	6.396372	8.432783	7.751186	6.057085	5.932266	7.617797	7.544224	7.270988	7.255339	5.000694	8.621289	8.563431	7.391758	7.170992	8.119184	7.544534	7.552131	6.897537	5.985183	6.188565	7.972974	6.777393	6.022227	6.597475	6.277042	6.817872	5.382061	5.634991	7.153761	6.75118	5.78203	7.171774	6.987666	8.144604	6.155267	7.428715	7.45251	8.558212	8.660777	6.17635	6.327535	7.624394	6.819297	9.517855	8.141891	5.817457	5.562605	8.782577	6.263175	6.843663	7.196615	6.663403	6.349635	6.487268	6.575731	6.161184	7.006858	6.211837	5.81402	8.590757	7.898136
TMEM71	6.378971	6.791807	4.669163	6.94387	6.80909	6.675535	6.743579	5.923204	6.788706	6.631469	5.305215	5.367309	5.096476	5.706359	5.118944	5.528315	6.342027	5.302744	6.485477	6.892285	7.099717	6.794674	6.191263	7.223326	5.663557	6.098654	5.594795	6.600087	7.107522	7.739608	6.624401	6.514485	6.067213	7.205241	7.990549	7.387551	5.134391	6.36039	5.939159	5.699194	5.931126	5.618284	5.576247	7.155336	6.481196	8.097766	7.179981	8.027419	7.243672	7.329707	8.471276	6.53154	7.662782	8.323643	5.369245	7.330831	6.503356	7.677258	9.80123	6.540072	7.492772	5.739281	6.792494	7.191045	7.078127	5.672294	4.994198	5.786065	8.108097	5.613707	5.21858	5.381965	6.302507	8.016305	8.831589	6.255009	8.082002	7.021567	5.342554	7.453355	5.945615	6.689177	7.114968	7.613449	6.522642	7.719505	7.80727	6.859362	7.367431
DRAM1	7.007276	8.014388	6.838401	8.765594	7.958103	8.537856	7.963616	8.219983	9.505088	9.052583	6.179997	6.962282	5.962531	6.739507	6.674357	7.47382	6.840707	6.949273	7.227161	8.000439	7.443161	7.688707	7.210806	7.162762	7.098951	5.951729	7.02251	7.241933	9.465057	8.241507	8.446856	7.686994	7.89568	8.480877	8.316536	7.962746	6.610064	8.404163	7.028179	7.102494	6.725223	6.743639	7.299646	7.089126	6.733824	9.007671	9.103698	9.393782	8.550261	9.07788	9.841981	9.038882	9.397754	7.667273	7.645111	7.161649	7.961594	8.043606	9.61554	8.306951	8.653777	6.727007	8.099466	8.62318	8.239216	6.48783	6.721928	7.822777	9.052584	7.367065	7.197542	6.736411	6.872996	8.693514	10.232695	7.363402	9.962384	8.848301	7.719112	9.080229	7.701716	8.487175	8.794818	9.670188	8.950625	8.308144	9.52017	7.945203	7.393879
MMP12	8.969897	10.595957	11.079798	11.777896	11.261047	10.914758	11.64874	10.458886	12.192353	13.271806	5.540574	5.50099	5.491438	6.913867	6.539186	5.895847	6.706349	6.613193	8.7517	9.160763	7.153284	9.941582	9.503142	6.559921	8.609122	7.941364	9.156368	8.603002	13.183931	10.531982	11.520746	12.230038	10.811455	11.673068	12.351675	10.983714	5.671948	9.08133	5.206693	7.032424	7.006838	6.717135	8.208435	10.650312	8.596623	12.70087	13.164466	13.252681	12.739715	12.758162	13.580243	12.98356	12.558525	12.165622	9.329127	10.770594	11.230399	10.774686	11.874268	10.666826	10.273195	6.698775	11.810357	10.349734	11.530737	7.030273	8.112762	7.750096	11.909115	10.071637	10.273787	5.970483	6.873235	12.913879	13.634922	9.707674	11.93571	13.014207	8.292117	13.080247	9.285836	11.002708	13.188052	13.975264	12.583503	13.238486	13.704552	9.97301	7.328318
ANXA13	10.126456	9.724387	9.270341	9.630873	9.800804	10.263493	10.406304	10.080925	10.378058	8.593489	9.945306	9.757369	10.596178	9.878047	10.545581	10.40896	10.457354	10.328672	10.338019	8.446899	10.27766	10.789121	10.345114	10.188764	10.885298	10.799337	10.366524	9.957975	7.669628	9.687366	10.044438	9.65421	10.494121	10.21863	10.25096	10.080925	9.89008	7.194608	9.54986	10.389972	9.728766	10.616993	10.660613	9.813054	9.144961	10.530491	9.473533	9.13559	9.411681	8.615982	8.590486	9.096096	8.261609	10.4799	8.750026	9.746468	9.364239	9.522257	9.415318	9.712637	8.510349	10.041444	8.702317	9.41773	9.572971	10.259155	10.088691	9.815489	9.194563	10.062039	9.363387	10.319953	10.37377	9.012608	6.527848	10.086658	8.966445	8.460643	10.197468	9.867008	10.181315	9.098341	9.087991	7.653939	10.049201	9.056446	9.39747	11.194487	9.706501
TMEM158	7.15662	7.707668	6.242605	8.435478	7.515717	7.576578	8.325115	7.600364	8.978267	8.085154	5.719814	5.44655	5.581559	6.048088	6.291927	6.549284	6.653044	6.283304	6.527542	7.623261	7.518887	7.219451	6.931705	6.159884	7.138996	6.293334	6.112301	7.264139	8.393314	8.690404	8.33101	8.496869	8.58523	9.071465	8.974151	7.55299	5.583753	6.328417	5.823178	6.683986	6.547135	6.06552	6.465772	7.748559	6.095727	10.296134	9.740853	10.091385	8.638917	9.460863	9.314624	9.418057	9.262246	6.262824	7.997292	8.606287	6.570926	6.877824	7.689533	8.057369	7.925148	5.839076	8.25278	8.292318	8.942665	6.169071	6.389909	6.80265	8.433765	6.865878	6.563822	6.444284	6.631303	9.511374	10.198624	5.920637	9.215756	9.478251	6.664279	8.63436	8.139627	8.416685	8.546202	9.294473	9.053397	9.111594	9.893004	7.01071	5.087208
MS4A1	5.304363	5.885489	6.127528	5.89794	6.183021	7.910068	6.359242	6.2059	5.288901	5.518325	4.874714	5.255678	5.072773	5.14137	5.342088	5.182893	5.601848	5.908294	5.409026	5.466997	8.53186	6.206801	4.64783	7.850807	8.012256	5.599325	4.935518	7.322883	8.364992	8.695805	5.966433	5.224546	5.741743	8.836081	8.453376	8.294328	5.158002	5.714197	5.93834	5.470547	5.632293	7.106441	5.435162	7.567689	7.942124	9.208898	7.238659	10.956398	8.633122	5.349602	10.070322	6.082017	9.554371	6.557292	5.224995	9.19796	7.582716	5.575769	8.929889	6.30714	7.925217	4.587769	7.644416	6.971194	5.591096	4.535039	4.556133	5.023831	9.450906	6.918216	5.277579	5.309485	4.400721	8.661801	10.865528	6.258767	8.762696	8.10336	4.774445	9.512534	4.447638	6.709172	9.047256	8.840898	6.527683	7.095543	7.724937	6.789015	6.65907
SNX10	7.670196	7.360611	7.764074	8.098167	7.479563	8.19672	6.728739	6.717533	6.859432	9.166497	8.345836	6.451707	6.960586	6.410023	7.292856	6.424372	7.020556	6.891231	7.211149	8.817554	8.252362	7.567112	6.937978	7.062198	7.700845	7.053491	7.608897	7.250554	10.139798	8.437226	8.116	7.747871	7.432852	8.020878	8.655741	8.492264	6.196423	8.991756	7.052455	7.434535	7.526193	6.734181	7.180516	7.902888	8.422244	8.281395	8.609346	9.378922	9.021487	8.07005	10.043171	8.039801	10.572789	7.901102	6.428038	8.574947	8.492264	7.997055	10.374897	7.603017	9.195437	6.321772	9.650751	8.390967	7.99442	7.253012	6.02532	7.874033	9.212233	7.226247	7.179902	6.12461	6.490808	8.845702	9.499233	6.983456	10.406327	8.903609	6.655984	9.248055	6.462789	8.457419	9.026082	9.344991	8.52802	8.383169	10.345372	8.278842	7.923289
KCNJ2	8.34055	9.295449	12.829219	9.083027	8.07268	9.818108	8.027373	8.559921	8.240724	9.416955	8.485388	8.333209	8.688462	8.039447	7.469291	8.914316	8.175416	8.782609	8.098014	8.577218	8.70262	8.482866	9.495277	9.819642	8.817296	9.486123	9.573477	9.091067	9.56821	7.952147	8.027083	8.319916	7.783836	7.215941	8.132237	8.915441	9.09216	9.548521	6.942705	8.188152	8.501766	8.3131	7.317025	8.289591	9.412722	7.400237	8.108248	8.151775	8.408996	7.674257	8.754522	7.800415	8.477454	6.680824	7.571845	7.968812	7.273574	7.620077	9.838317	7.190061	8.53804	9.022557	7.859157	8.020233	7.83938	9.063483	9.26671	8.875912	7.716694	9.603206	9.252565	9.6103	9.747781	8.263783	6.664782	9.496072	8.452082	6.980537	8.317955	7.189526	7.216262	6.903684	7.614636	7.971964	7.477359	7.263241	9.49242	8.316531	7.062026
IGLV4-60	6.775207	7.472658	5.777755	7.685347	7.222291	7.208488	7.690555	7.439392	7.229069	7.250697	7.354453	7.001653	7.35069	7.415969	6.823279	7.369737	7.132448	7.118586	6.798055	6.322629	5.833135	6.875803	7.400973	6.884635	7.296024	6.508394	7.076228	6.861238	7.838654	7.095098	7.814723	7.489814	9.623379	7.583126	7.625419	7.091547	7.506887	7.430878	7.18871	6.848523	6.658438	6.726946	6.826843	6.918113	6.955313	8.850494	8.910708	7.875327	7.579372	7.310117	9.810827	9.59779	8.475594	7.227372	7.299462	7.197302	7.236942	7.004908	8.469515	7.443571	7.233753	5.939555	7.685438	7.362136	7.857305	7.365315	7.600804	7.463245	7.445225	7.687003	5.900431	6.261169	7.580595	7.650739	9.378828	7.205936	10.873478	8.325978	6.436719	7.255376	7.72128	7.720792	8.710703	8.032669	8.094796	8.695955	7.393802	7.906694	7.086366
CYTIP	7.460096	8.621363	5.699924	8.597317	8.198327	8.801713	7.87514	7.653473	7.457111	9.011275	6.511835	5.982208	6.010492	6.586499	7.160733	7.44619	7.476299	6.613116	6.883087	8.671501	7.991236	8.365311	6.840463	7.918693	7.612529	7.35229	6.714591	8.218416	8.999922	9.005217	8.458005	8.1272	6.955917	8.592765	8.922764	9.000894	6.651852	8.179459	7.474726	7.282701	6.381048	7.184241	6.137384	8.432058	8.640008	9.644226	9.092342	9.955416	9.14646	8.705084	10.40125	8.969375	9.713953	8.121755	5.661892	8.287435	7.961839	8.260068	10.280672	8.149658	8.705084	7.020676	9.599578	7.885361	7.856501	6.85871	6.508448	7.501556	9.206455	7.625655	6.734486	6.215762	6.988967	8.727381	10.809159	7.203364	9.290051	9.444205	6.562375	9.399948	6.864913	8.76153	9.635019	9.436088	8.488987	8.598525	9.420082	8.1167	8.353361
CCL20	8.34153	8.979701	8.837705	8.895361	10.160565	11.064689	9.448756	7.606287	10.961029	13.228074	8.467468	7.632327	9.187738	8.770648	9.360614	10.486522	9.644517	6.905084	11.064689	12.594414	10.891532	10.213402	9.186484	9.709807	10.033325	9.757687	8.698548	9.365691	12.289216	10.716288	11.13197	9.183945	10.139862	10.559236	12.031649	10.151166	8.704093	12.454957	10.059449	11.281893	8.516377	7.660696	8.977065	11.532067	9.328556	10.958252	11.285694	12.552311	11.032048	11.487875	11.210244	10.852053	11.48386	12.454957	11.512185	12.6336	11.935453	11.340156	10.775585	11.714168	11.064689	9.516108	13.038692	9.812662	7.983815	8.292218	7.709563	10.883363	12.05054	10.007839	13.765444	8.417897	7.768977	13.378011	7.869962	10.464985	11.566807	10.141295	9.584554	11.935195	11.144218	11.895938	11.31133	10.564203	11.048425	11.215244	10.106394	11.974255	13.059588
IFI16	8.353051	8.619146	7.395917	9.344675	8.764547	8.809471	8.300791	8.385216	9.459382	9.382578	7.882137	7.456564	7.364443	8.00494	7.356888	8.384825	7.570585	7.651175	7.943075	8.784847	9.035614	8.375885	7.714627	8.158144	8.642064	8.128753	8.277553	8.29324	9.594461	9.580422	10.05408	8.842537	7.878491	8.921264	8.920408	8.999424	7.226872	8.814231	8.355122	8.159772	7.81113	7.311661	7.496497	9.40379	8.70849	9.576447	9.012158	10.141783	9.878383	9.694777	10.028038	9.144712	10.022334	8.202804	7.679724	9.26247	9.176089	9.590485	9.901199	8.673304	9.308994	7.465434	9.623533	9.014319	9.034467	8.008096	7.328296	8.425464	10.005353	8.066993	8.309733	7.791226	7.995008	9.494001	10.552841	7.784492	9.619157	9.907159	7.509759	9.666291	7.475109	8.999887	9.784527	10.040395	8.783065	8.960634	10.111516	8.760458	8.530409
PRAC1	11.761655	10.447744	11.401118	10.326686	11.011667	7.91864	11.112476	11.046705	11.426809	10.243103	11.171656	11.676129	11.008639	10.345975	11.39691	9.81162	11.219917	10.859223	11.057446	10.581487	12.158526	11.96123	12.145741	11.748245	12.08023	12.09865	12.371746	6.634027	9.86439	11.329352	10.964791	9.865673	10.043619	10.840652	10.29005	11.206642	8.051946	10.08558	11.813146	11.624787	10.873499	9.739579	11.116026	9.872907	10.971244	11.189812	10.225205	6.924857	10.655127	7.851702	9.488995	10.534061	9.760015	11.046705	10.176214	9.280942	10.840652	9.89745	9.911107	11.104761	10.202219	11.242287	11.355367	10.995654	11.059548	6.459898	11.7259	6.706257	11.255497	11.089663	6.659416	10.573439	11.313236	6.464761	8.427786	7.876286	7.774537	10.927496	10.951334	11.176308	11.573388	11.161923	10.965899	10.500767	11.386257	11.432046	11.130749	12.27382	6.763403
PLEK	6.949059	7.642419	7.491269	7.43418	7.55016	8.124813	7.436855	7.773401	8.161873	8.968997	6.482347	7.212043	7.586641	7.631845	6.827325	7.081979	6.285317	6.860053	7.934951	9.739028	7.68765	7.747424	6.412162	7.537428	7.565555	7.260375	7.546893	7.071296	9.513412	8.150265	7.825513	7.923633	7.487152	8.21663	7.662026	7.779457	7.030557	11.160581	6.893437	7.869216	6.534398	7.328057	6.960117	8.066324	7.413935	8.503106	8.72278	8.879864	7.838865	8.125514	10.426667	8.679153	9.155971	9.526358	7.747103	8.441749	7.617319	8.661309	12.348884	8.879009	9.459162	6.6592	9.464614	7.939922	8.258668	7.376775	6.72813	7.394857	9.880002	7.694585	7.697026	6.758355	6.46877	9.542351	9.642116	7.103255	9.679536	8.84256	7.353078	9.538625	7.760784	7.878745	8.417808	9.75103	8.562387	8.834213	11.237582	7.556889	7.704027
CSF2RB	7.566162	9.539453	8.054745	9.46725	9.539453	9.747305	8.782545	8.866005	9.580156	10.445905	5.621893	5.627618	5.630013	7.346282	6.004726	6.186694	6.947284	6.105453	7.57088	10.236141	8.089661	9.220817	6.513469	8.119592	7.220336	7.308581	7.315182	8.599798	11.160905	9.283048	9.726744	9.826448	8.413834	9.706188	10.225639	9.429176	5.460811	11.574712	5.54915	7.245076	6.064607	6.396885	6.870494	9.115622	7.042954	10.666362	9.991908	11.011114	10.232216	10.173446	11.850046	10.009032	10.746439	10.757088	5.726503	9.372155	8.946012	10.015685	12.397728	8.724063	9.689259	6.797782	10.616063	8.730749	9.198136	7.546076	7.813496	7.448991	10.417492	7.900278	7.297278	7.095479	7.820426	10.525115	12.031999	7.184045	10.966504	10.829662	7.051621	10.821768	8.004806	8.899947	10.43774	12.003337	9.900165	9.572173	11.623942	7.805747	7.579333
GBP5	5.478698	6.222503	6.317629	6.772194	6.000554	6.622305	5.841898	5.989158	5.713992	8.832555	6.350504	6.283725	6.332868	6.568126	5.627819	5.839978	5.641964	5.710292	5.764727	8.518872	5.654905	5.831152	5.597948	5.629708	5.882184	5.786052	5.735681	5.841382	9.031952	6.354086	6.47186	6.543184	6.369378	5.843837	6.480054	6.167874	6.406942	10.02539	6.395623	6.033637	5.69167	5.691863	5.824774	6.423402	5.895983	6.646933	7.219179	7.712617	6.485889	7.190437	9.008254	6.873828	8.761366	6.643222	6.232906	6.790077	7.172028	7.580104	10.781142	6.4641	8.316419	5.880655	9.284789	7.7252	6.546561	5.906512	5.241499	6.378726	7.933535	5.98603	6.179793	5.656015	5.354988	7.563839	9.001548	5.698604	9.596847	7.675907	5.766949	7.923595	6.02563	6.251476	7.979546	8.947895	7.060145	7.301127	9.444539	6.601569	6.516361
BST2	7.355912	8.629522	6.28289	8.396079	8.006742	8.317823	7.920869	8.554861	8.272045	8.331807	6.831321	6.199184	6.801666	6.73706	6.257055	7.159586	7.440445	6.451697	6.420901	7.805209	7.351241	7.545091	6.874669	6.983991	7.068414	6.51584	6.678174	7.660301	8.63418	8.442195	7.71121	7.994138	8.139277	8.586098	8.332416	8.255515	6.669154	7.004667	6.869987	6.623903	7.385435	7.371481	6.93487	7.652008	6.673976	8.349701	8.534054	8.920002	8.213632	8.975113	9.19021	9.133663	9.692618	7.160257	6.659387	6.789691	6.650824	8.095552	8.991397	7.76661	9.292127	8.093856	9.376193	9.110302	7.554737	7.447151	6.107937	8.192117	8.691645	7.314945	7.017782	6.640795	7.059444	8.712189	9.441603	6.951433	9.29021	8.655532	7.142178	8.293559	6.958792	7.566499	8.85921	9.329124	7.80111	7.897312	8.905192	7.57296	7.168574
MX1	8.012993	8.580265	6.045973	9.880039	8.497902	8.835324	8.263333	8.541857	8.822623	9.519788	7.696163	8.312851	8.205494	9.160565	7.753415	9.246626	7.732753	7.722036	7.444188	9.170274	7.18601	8.066419	7.931943	7.689246	8.363097	8.385194	7.702809	8.940412	10.130703	8.723988	9.529052	8.258066	9.489818	8.786121	8.549314	8.547487	8.738697	10.199305	7.683165	8.480471	6.923892	8.159524	7.407804	8.792205	8.662108	8.633935	8.525327	9.405513	8.538035	9.374271	10.135318	9.125997	10.084356	7.914291	7.57595	8.870174	7.911808	9.486136	11.067913	8.442438	9.822627	8.536901	9.665375	8.655689	8.857845	8.2075	7.805162	8.604673	9.313924	8.079852	9.400231	8.333289	8.037473	8.882661	10.46133	8.122984	9.556855	8.840202	10.025981	8.601085	8.10099	8.094736	8.714755	10.296469	8.106326	7.943795	11.249379	9.228441	9.550925
LAX1	7.099043	8.363152	7.375002	7.94404	8.048803	8.658515	7.60284	8.002013	7.533169	7.337527	7.029059	7.10059	6.87083	7.239264	6.820002	6.814987	7.024731	6.423221	6.831897	6.719742	6.797372	7.814705	6.484931	6.947719	7.037938	6.608751	7.076229	7.681494	7.992773	8.916209	7.533955	7.586513	7.388294	8.479466	8.89431	8.41711	7.123644	6.977274	7.009823	6.780678	6.466759	6.483221	6.848493	7.290534	7.162854	9.950268	9.251462	10.591673	8.030805	9.465068	11.496361	10.527522	9.957203	6.755994	6.883945	7.6605	7.031935	7.276183	8.55547	7.756916	7.741106	6.581842	8.672997	7.877867	8.350549	6.78346	7.327674	6.916754	8.944502	7.30819	6.384892	6.879041	6.770294	9.042173	10.233843	6.786847	8.731662	10.556998	6.649327	8.945506	7.131903	9.406261	9.773336	9.73648	8.373875	8.786742	9.44531	7.117534	6.319847
FCN1	5.022671	5.819732	4.692494	6.355562	5.637948	5.586979	5.214941	5.143392	6.573521	8.314104	5.848434	5.764444	6.189913	6.535298	5.311455	5.64694	5.606636	5.393836	5.809876	6.831865	5.600689	5.161241	5.338691	4.964927	5.077769	5.667495	4.975203	5.770713	8.650455	6.087562	6.1729	5.676164	5.800713	5.989438	5.88435	5.467186	5.710808	7.805697	5.509794	5.279692	5.334668	5.056915	5.399378	5.860995	5.491632	7.010381	7.569814	7.799155	6.104749	6.667871	8.48525	6.464392	7.50522	6.995955	5.849466	6.159784	5.734842	6.299033	9.612008	6.366196	6.174359	5.023093	6.864129	6.548531	6.551278	5.103619	5.169109	5.684931	7.941235	5.086589	5.949384	5.152508	5.214279	6.707411	8.259698	5.060283	8.504497	7.696792	5.927522	7.676732	6.472965	6.06945	7.604636	7.714578	7.398512	6.988252	8.539878	5.588943	5.433225
CD38	6.967791	7.931868	9.076463	7.381649	8.186322	8.255951	7.498952	7.673257	7.089366	7.906653	6.60492	6.696082	6.940203	6.499956	6.534825	6.326807	6.514142	5.921602	6.505545	6.186318	6.442947	7.386713	6.114355	6.321194	6.745289	6.635867	6.379882	7.027848	8.577487	8.400152	7.181301	7.602759	7.190795	8.511707	8.65463	7.383368	6.812345	6.750234	6.444465	6.472985	6.70786	6.841501	6.358161	6.786321	6.368393	8.828807	9.018431	9.918575	8.148769	8.55688	10.190645	10.145818	9.86969	6.168169	6.456475	7.419573	7.156077	7.026682	8.896632	7.838508	7.812412	6.453741	8.98144	7.887882	7.71629	6.66093	6.476027	7.681402	8.922055	7.123842	5.954967	6.579925	6.140459	8.598712	9.834981	6.718043	9.019729	9.948751	5.889555	9.231233	7.10492	8.325753	9.034494	9.361379	8.582927	8.893911	8.96107	6.427643	6.841922
FCGR1B	5.345897	5.244726	4.292831	6.893538	5.844341	5.80864	5.996179	5.864306	6.523378	6.931679	5.219551	5.219354	5.830854	5.814524	5.561694	5.331168	5.045073	5.710942	5.50255	6.80215	4.843984	5.84025	4.806864	5.231446	4.606302	4.611357	5.090567	4.969222	7.904691	6.048057	6.101627	5.772199	5.876696	5.120055	5.996796	5.219354	5.340661	8.251579	5.467056	5.169061	4.922152	5.000175	4.798054	5.894756	5.665227	5.554905	6.337809	7.021169	6.717613	6.924728	7.84629	7.671854	7.945508	6.103467	5.368661	5.652283	5.7318	6.742577	9.881073	6.289936	7.198532	4.704005	7.842798	6.879097	6.953382	4.913578	5.083923	5.668823	7.589594	4.973986	4.707407	5.33578	4.737533	6.873642	7.922156	5.309437	8.764236	7.298265	6.200461	6.817799	6.130871	6.153233	7.232697	7.97756	6.563639	7.07301	8.356879	5.638294	5.088206
LCP1	7.973894	9.035504	7.533366	8.723321	8.658631	9.285005	8.986193	8.777243	9.049593	8.937291	8.238997	10.411442	9.318146	10.684053	8.805934	8.82447	8.523578	8.840412	9.005559	9.388094	9.305308	8.980928	7.900318	9.285066	9.213964	8.712217	8.572408	8.579219	10.420368	9.565886	8.804001	8.93474	9.729518	10.122722	9.440476	9.689156	7.844571	10.780713	8.633244	8.608297	8.161279	8.814313	8.504186	9.37815	9.381156	10.608104	9.382379	11.096453	10.020401	9.119172	11.510508	9.811467	10.488683	11.036361	8.115072	10.074781	9.563015	9.575744	12.204226	9.243258	9.784593	8.608135	10.630794	9.768369	9.294844	8.537179	7.760647	9.441737	11.001076	8.949808	8.86043	8.277653	8.141647	10.104821	12.400547	8.789669	10.830783	10.421764	8.349492	10.630794	8.756337	9.027169	10.471218	10.434766	9.337065	9.847269	10.274612	9.017452	9.496516
NOS2	6.495211	6.517709	5.514537	6.666834	6.334377	6.68253	6.552389	6.836291	7.054751	9.252844	6.540496	6.777978	6.6789	6.658836	6.808973	7.654883	6.606269	6.973529	6.768118	8.604645	6.005323	5.72205	6.421114	5.834683	6.36924	6.400509	6.445112	6.669367	8.393198	6.57502	6.626635	6.10918	6.116268	6.418046	7.285854	6.548852	6.63953	8.690392	6.654461	6.617898	6.385351	6.585858	6.51944	7.412382	6.588358	6.184538	9.456458	8.756274	6.409805	7.130564	7.736432	8.112684	8.080421	6.935666	8.729011	8.669083	7.474308	7.591017	9.017494	7.9202	7.893123	6.041414	8.808252	7.477376	5.918585	6.599339	6.326163	7.237517	7.583904	5.997368	8.281776	6.489503	6.186919	9.12247	6.964841	5.855831	8.472364	7.738412	6.272003	8.716436	8.201358	7.393036	7.753855	8.714055	9.522935	8.20593	8.163972	6.870709	8.358642
AQP9	5.41321	5.841471	6.429835	7.087282	5.734704	5.758735	6.179557	6.200928	7.850832	7.585706	6.419751	6.616334	7.306806	8.53399	6.378469	5.995601	6.283888	6.658903	8.241545	9.255161	5.673122	6.431363	6.326816	5.700948	6.120683	5.814663	6.109868	5.48053	9.138601	6.091461	6.809575	5.98455	5.946373	5.901727	6.582002	5.85367	6.755805	11.345627	6.290406	7.822837	6.25279	6.331373	6.024282	7.974696	6.282256	6.643142	7.689691	7.847787	6.71548	7.381384	10.759315	8.360775	7.447903	9.700416	6.652769	8.532355	8.246695	8.945292	12.086599	8.62601	8.568171	6.696349	7.196143	8.10207	9.332394	5.70055	5.972792	5.987225	8.017458	6.339557	6.346829	6.098431	6.317645	9.793454	9.159825	6.098994	7.953067	7.759274	6.549853	8.547889	7.485198	8.774927	8.724656	8.47097	9.604093	8.900501	11.797923	5.651395	7.062069
GZMK	6.768033	7.763397	5.862302	7.072569	6.985943	7.575191	6.340139	6.734113	6.797288	7.816445	6.440914	6.102553	6.522158	6.202937	6.842931	5.823633	6.081754	6.028835	7.109394	7.289775	7.105111	7.527799	6.701977	6.94634	7.361292	6.882246	6.619721	7.554422	7.862337	9.131986	6.262727	6.801175	6.493398	8.478921	8.038435	8.372927	6.291415	6.487776	6.526428	6.158048	5.346578	6.788685	6.728268	7.698882	7.884469	9.074249	8.428336	9.542405	8.023413	8.492264	9.151868	7.778763	9.588379	6.768671	5.806982	7.967145	7.532832	8.151126	9.396577	7.622421	8.695848	7.238813	8.492201	7.752064	7.128138	6.352579	4.966632	7.40334	9.048423	6.478785	6.472658	5.274374	6.006664	6.253004	11.851938	6.063391	7.98101	9.01388	6.091556	7.989681	6.257207	7.6661	9.106948	9.223282	7.113565	8.218278	8.432587	8.061297	7.211083
LAMP3	7.095531	8.009529	6.618216	8.255879	7.065449	7.933812	6.665343	7.206103	8.344366	9.216368	5.861316	6.066703	6.307023	6.53865	6.029645	6.028958	6.517567	5.919909	6.331705	8.098782	7.167955	6.905034	5.422715	6.966023	7.288696	6.656879	5.698337	7.713612	10.519779	8.311495	7.712006	6.971225	6.451787	8.477816	9.029629	8.317854	6.343871	9.35608	5.655654	6.405207	6.332224	6.444666	5.979597	7.274883	6.401623	8.510775	8.955599	9.049548	9.154427	8.739955	11.071673	7.824773	10.310399	6.731587	6.007094	6.203425	7.119609	7.404323	10.331191	7.040704	8.468641	6.055894	9.583358	7.329315	7.940096	6.258936	4.663542	7.725347	9.219289	7.209183	7.304697	6.343615	5.419058	9.290363	10.529008	6.07702	10.472272	9.502217	6.802628	9.119256	7.072288	7.486071	8.73513	9.354773	8.489996	8.44409	9.191273	7.040627	7.020425
HCAR3	5.064074	5.559725	8.387504	6.515423	6.446865	5.708635	5.897416	5.631068	6.91436	8.291654	4.518562	4.806657	4.661776	5.568822	5.406986	5.150434	5.420227	4.877047	6.625062	9.461976	4.920795	4.896057	4.858917	4.860999	5.372403	5.317689	5.021832	4.910158	9.301038	5.549605	6.247968	5.171596	4.603433	5.222837	6.195174	5.109848	4.635973	10.768768	4.913734	6.309744	4.967617	5.133226	5.324862	6.969257	5.117941	6.516448	8.196024	9.671894	5.967818	7.373446	12.061041	8.291654	7.968258	9.188689	5.270012	8.552415	6.635441	8.090738	12.679072	8.42927	9.388977	5.123739	8.09589	6.342554	8.890265	5.067691	5.107593	5.020702	6.802971	4.902268	5.982118	5.167624	5.832366	10.134403	9.60702	5.043487	8.017177	7.968272	5.660379	9.676438	5.650805	6.074375	8.455273	9.422147	9.430955	8.921227	13.298657	5.28915	6.911209
GIMAP2	8.281477	9.131287	8.38072	8.724388	8.497667	9.846743	7.759354	8.668637	7.924196	9.435498	8.11901	6.330389	6.669268	6.395107	7.374523	8.726029	6.965779	8.28922	7.006705	9.192465	8.564375	8.571415	7.715902	8.112546	7.545017	7.576588	7.334291	8.779204	9.747954	9.432695	8.304403	8.076836	8.428933	9.292433	9.322155	9.22343	7.826152	8.330283	8.350029	7.631037	7.661845	7.823994	7.165859	8.097288	8.153161	9.816291	8.958178	9.876819	9.01837	9.160702	9.636323	9.177702	10.314389	7.815605	7.321888	8.454523	8.701563	8.383075	8.894142	8.527199	9.297861	7.724019	9.791734	9.172015	8.470928	7.473002	6.996411	8.592866	9.420944	8.230953	7.883306	7.105813	7.481329	9.105839	10.75265	7.891073	9.80347	9.181193	7.609343	9.303928	7.714074	8.427098	9.686337	9.893132	8.342424	8.31545	9.234132	8.992303	9.28182
HLA-DPA1	10.05541	10.671366	11.287622	10.85393	11.125145	11.355103	10.970651	10.998106	11.159856	11.416234	7.369274	7.829144	8.00615	7.960173	8.179869	8.469243	7.653453	7.924815	8.76694	8.685306	10.657675	10.461029	9.739192	9.603803	9.527968	7.262099	10.004467	10.414867	10.366628	11.774971	10.963922	10.960143	11.469571	10.935927	11.287622	11.323552	8.04673	8.903167	8.881156	8.512697	7.422211	8.686627	8.166297	10.049521	9.135087	11.953944	11.592501	12.247201	11.761057	11.531164	11.700415	11.690475	12.746191	11.074909	9.858712	11.276979	10.932991	10.956825	11.542511	10.446805	12.011877	8.99143	12.772414	10.711249	9.406923	8.695505	8.449857	11.092936	12.200986	9.296344	8.762523	9.081421	7.876617	11.184122	12.353948	9.776381	12.012355	12.219532	8.296429	11.575844	9.897543	10.742989	11.190878	11.575844	10.378358	10.362435	11.24161	10.662135	11.5072
ADM	9.83876	10.02457	10.579498	10.766927	9.708027	10.220015	10.033646	10.796326	10.151524	12.872606	8.739769	9.321075	9.134649	10.297628	9.7388	10.083653	9.471101	9.405955	10.022038	12.138608	9.295703	9.612659	9.969118	10.398619	9.60345	10.068244	10.721679	10.011597	12.092866	10.346401	9.907928	9.271948	10.22282	10.452714	11.156014	11.286766	9.210722	11.527368	8.990712	10.501454	8.935249	9.931749	9.604133	10.497328	10.766927	11.240123	12.086658	12.313523	10.423684	11.156014	11.619351	11.6814	11.323179	11.180309	11.930097	11.970441	10.106708	11.095753	12.477915	11.384539	11.299601	9.236848	11.885598	10.497942	11.611211	9.296335	9.678014	10.643448	10.960735	9.9094	11.73666	9.177284	9.150702	12.605057	10.059444	9.25323	11.726883	10.821099	9.842593	12.041243	11.687441	11.38241	11.451355	11.827719	11.94712	11.584429	12.342632	10.099012	9.438836
SRGN	7.900789	8.572606	9.302135	8.690039	8.645841	8.58259	8.479539	8.25335	8.789958	8.783453	6.613437	6.502575	6.514709	7.482149	6.863023	7.498022	7.793796	6.676907	7.744605	9.051351	8.057087	8.395211	7.164131	7.981242	7.798609	7.720538	7.511038	7.924809	9.230999	8.934681	9.134985	8.946229	8.116747	8.723318	9.046437	8.4155	6.17227	9.686599	7.385882	7.719285	6.557818	6.739114	7.406083	8.959161	7.723956	9.240951	8.733357	9.538701	9.0142	9.194663	10.047483	8.75832	9.357474	9.749075	6.568883	9.158968	8.647177	9.552406	10.649072	8.569074	8.963013	7.257529	9.261502	8.456074	9.016153	7.72683	7.127833	8.177697	9.833739	7.902352	7.457909	7.081027	7.954695	9.298581	10.496147	7.501171	9.336425	9.364231	7.294856	9.312387	7.759469	8.874754	9.219805	9.60714	8.706739	9.194835	10.493587	7.731887	7.987603
SLC16A9	10.275853	9.750138	11.11137	10.384968	10.024441	9.882669	8.789237	8.58625	8.949712	7.822584	9.568413	8.329696	10.31704	9.102143	8.912497	9.478626	8.799855	8.412471	9.493592	7.811605	9.725576	10.475319	11.09554	10.236666	9.105108	10.924034	10.451931	10.742305	7.916401	9.245109	9.898459	10.031616	8.917876	8.17986	8.501184	10.510476	10.027107	7.504332	8.934438	9.179168	9.776061	9.897094	9.187092	9.567642	11.516586	7.748875	7.335512	6.843704	8.918535	9.968156	7.217428	6.634704	7.529331	8.20196	8.34353	7.80427	7.062769	10.209313	6.730751	6.601155	8.430763	10.388594	6.811322	8.708159	10.305374	10.821323	10.233873	9.409725	7.773653	10.069498	9.459078	9.864912	10.337544	7.883303	6.400002	10.326417	7.702722	7.490537	9.690171	7.164478	9.927594	9.310808	7.075406	6.809038	6.657998	8.233239	6.20404	9.539751	7.165323
SST	11.697618	8.928947	8.696454	8.891438	9.923178	8.544532	10.276279	9.547297	8.906265	8.962005	10.866595	11.377289	9.167834	10.096219	10.59271	8.529156	11.387364	8.519226	9.223391	8.775385	12.472553	10.813889	11.618462	10.346022	12.649789	11.072223	11.628343	8.832627	8.422006	10.784077	9.559962	10.212652	10.898804	11.247239	8.307862	11.232412	8.488006	8.012587	10.225786	9.99478	10.060456	10.172873	11.457575	9.536196	9.88407	9.574375	8.431683	6.585116	12.099225	8.586085	8.560656	10.152797	8.69599	8.994212	5.800481	6.706798	10.511675	8.468488	10.395153	9.915022	8.188641	7.959647	9.047754	8.556405	8.329752	7.719046	8.536756	9.206827	8.663301	8.626823	8.474137	9.349566	8.504681	7.622162	7.475798	9.443574	7.594381	9.044077	8.411832	9.788595	10.347587	8.705179	11.203531	8.506082	10.302265	10.214833	9.996022	9.92852	11.678892
ZG16	14.192057	13.640861	13.880383	14.261989	14.140593	13.84608	13.767392	14.077453	13.640861	13.767392	13.767392	13.750855	13.681158	13.440058	13.727607	13.823231	13.622585	13.681158	13.482334	13.522365	13.090528	14.183214	14.283421	14.024919	13.823246	14.357771	14.1081	13.946764	13.395543	14.034811	14.077453	13.661145	13.609555	13.640861	9.768779	13.750855	13.496517	13.367494	13.661145	13.924286	13.440058	13.575035	13.314833	12.025319	13.510612	12.292413	12.707012	11.414012	13.558613	13.274507	12.799286	13.575035	12.935415	12.581807	12.168464	12.058003	12.826421	13.300806	12.887737	13.440058	12.530916	14.168034	13.052227	13.871615	13.970463	14.096617	14.512843	13.854087	12.749624	14.199516	14.413885	14.236588	14.308437	13.148888	8.120445	14.011326	13.183866	10.391477	14.236588	12.537573	14.260937	11.689887	13.014227	10.737788	13.282959	13.540812	13.652456	14.22042	13.373906
MEP1A	12.006813	12.934081	11.781131	12.592928	12.012627	12.874848	12.042188	12.889493	11.356267	12.195804	11.144701	12.061865	12.134873	11.341618	11.28887	12.527297	11.207672	12.034363	11.441476	11.218841	12.207523	12.404614	12.430225	12.481627	12.102996	12.577402	12.619671	12.372753	11.933228	12.091884	11.365821	12.034363	12.921966	11.500997	11.450487	12.899888	11.589425	11.616721	11.195398	12.091884	11.211363	12.60168	11.280374	10.888197	12.823266	10.108397	10.368652	10.862885	11.855024	11.500997	10.353451	11.306557	10.599123	11.659946	10.513412	11.19118	10.088097	11.27218	10.862885	10.751104	10.825064	12.150985	10.450073	11.911175	12.126966	12.378777	12.248718	12.383518	10.450564	12.370845	12.370845	12.840101	12.504944	11.206704	6.990298	12.096264	10.594668	10.399302	12.238366	10.05919	11.762445	10.816588	11.63971	10.938634	10.475599	10.890601	10.491592	12.401282	13.891648
SELP	6.609706	6.727592	6.148838	7.277295	7.516911	6.872371	7.194609	6.967344	7.664694	7.131346	5.957432	6.196943	5.690201	6.102335	6.228999	6.119979	6.20707	6.423293	6.299951	6.273822	5.995981	6.139202	5.626841	5.948895	6.063048	5.879674	5.505967	6.440396	7.466219	7.057972	7.017846	6.818757	6.337092	7.328688	8.360601	6.983922	6.290981	6.152514	5.737392	6.273223	5.739941	6.237191	6.379624	6.387811	6.586155	7.828295	8.768645	8.620347	6.995051	8.138008	10.583675	7.81982	8.074742	6.112703	6.420443	6.28573	6.407987	6.181893	6.823391	6.451735	6.369049	6.07839	7.111848	7.239153	8.462037	6.301846	6.067488	6.128824	8.159665	5.794149	5.78406	5.700489	5.777376	7.099678	9.63693	5.993847	7.472193	7.934529	6.259095	8.134968	7.571797	8.172103	7.954807	9.152085	7.437544	7.640988	8.09717	6.649587	6.016021
SLC16A1	7.829617	9.24016	10.647997	7.841722	8.240453	8.902346	7.954533	8.253737	7.489898	8.070995	6.938564	7.510954	8.325002	6.47407	7.843803	8.931349	7.545513	8.555843	7.673221	7.609317	7.352579	7.706108	8.392385	9.197409	7.694276	7.679746	8.559556	9.068681	7.720283	7.777937	7.386942	7.318795	7.194538	6.852952	7.146965	7.785204	8.954326	7.154796	7.183482	7.477289	7.734916	8.191243	7.273692	7.038554	8.677542	6.745944	6.944328	7.115875	7.463517	8.357211	6.522685	6.51689	6.984337	6.478722	6.936004	6.964024	6.185479	8.618757	5.729019	6.367071	7.528628	8.904041	6.808988	7.110869	7.743691	9.265587	9.339184	8.353749	6.35967	9.514803	8.795916	9.451304	8.654546	7.551768	6.50539	9.584462	6.571956	6.998901	8.313781	6.096686	6.392027	7.413891	6.457754	6.931777	5.833742	6.492884	6.545829	7.244824	6.432159
CHI3L2	5.52874	5.900069	5.794729	5.786555	5.373849	6.28477	5.96028	5.441171	6.000302	8.785491	5.704491	5.550848	5.602424	5.977209	5.720648	5.674065	4.946205	6.024342	5.527696	6.141956	6.170386	5.415728	5.176253	5.972429	5.96686	5.360708	5.290099	6.183049	8.325677	6.233405	6.015972	5.558988	5.916151	6.753782	6.394429	6.363727	5.702686	6.154326	5.70362	5.739131	5.75149	5.746676	5.404276	6.141137	6.543686	6.649436	7.731836	8.815537	6.467126	6.124009	9.341381	7.603704	8.113015	5.922693	5.433344	7.00905	6.001959	5.953873	6.979696	5.846153	6.804603	5.624237	5.930724	6.273348	6.754614	5.02393	5.567084	5.589311	9.010854	5.596964	5.439115	5.334498	5.007763	6.824055	9.112891	5.585866	7.59582	7.184089	5.224918	7.123795	5.556014	6.522653	8.590111	8.537809	6.519223	6.78708	8.744265	5.553488	5.677303
RHOH	5.812176	6.864827	6.514338	6.542416	6.744475	7.498113	6.307333	6.493115	6.047391	6.802581	5.589408	5.919077	5.486132	6.240182	6.1415	6.357986	6.154858	6.106462	6.186067	7.773679	7.184098	6.622594	5.998565	6.765396	7.031751	5.903237	5.92159	6.683292	8.089832	7.905685	6.041274	6.004061	5.872369	8.111559	7.313944	7.553508	5.746509	7.848065	5.607008	6.143756	5.958657	6.387503	5.896377	7.415879	7.166125	7.877954	7.078793	9.471086	7.5532	7.149892	9.271854	7.026293	7.904179	6.730987	5.586273	7.742536	6.527775	6.561702	9.451743	7.053711	7.666529	5.875588	7.791395	6.353232	6.4674	5.648539	5.638712	6.115654	8.136355	6.676574	6.268053	5.81192	6.200565	8.060854	9.734072	5.958842	8.003761	7.648641	5.699505	8.315556	5.590999	6.949415	8.379188	8.407604	6.464499	6.911606	8.612917	6.546706	7.585008
PLA2G2A	10.622097	9.389575	10.263701	12.335705	11.864977	9.844284	9.537325	11.336428	11.403741	12.340643	11.371695	13.172184	11.886926	12.654017	12.665226	11.051904	11.195062	11.273327	12.092347	13.072293	10.460747	11.531834	11.23819	9.611541	11.17028	12.501876	11.396698	9.642721	12.153324	12.367215	11.868575	11.733913	12.441991	12.099782	10.678607	11.037682	10.660473	12.647696	12.687423	12.312888	12.179126	11.458563	11.810172	12.096298	11.521661	10.576268	12.452051	11.877397	11.605518	12.426519	11.740776	13.103394	12.676859	13.211218	13.340626	12.749384	12.465388	12.491941	12.695042	13.252395	12.942373	11.606149	13.271501	12.639677	13.271501	11.025705	12.137486	12.302498	12.447969	10.016845	11.941206	9.375275	11.136451	11.549991	10.846047	8.585594	13.022601	12.042349	11.260854	13.022601	13.329774	13.002805	13.11627	12.447969	13.147888	13.390577	13.288191	12.92959	13.147888
EGFL6	4.683411	5.205434	6.320138	4.753986	5.521991	4.922898	4.414147	4.623845	5.063797	5.36029	4.612256	4.387224	4.656907	4.446581	4.61623	4.745401	4.912197	4.545371	4.953467	4.655059	4.130027	4.140289	4.172153	4.135984	4.48228	4.202184	4.256906	5.149775	5.145835	4.63107	4.697056	4.652561	4.612527	5.076851	7.750043	5.011096	4.596626	4.502476	4.423093	4.690052	4.690726	5.030426	4.910352	4.822537	4.819661	6.016535	7.729443	7.535464	4.796252	6.082204	8.553133	6.954004	7.676742	4.443805	4.655973	4.638551	4.486399	4.476168	4.566425	4.845157	4.989834	4.107755	5.743594	6.775504	5.997903	4.611091	3.861677	4.470823	6.782939	4.284652	4.282619	4.971762	4.667311	6.25346	5.408099	4.185669	7.448567	8.252825	4.502486	5.377777	5.003838	5.345585	6.563841	7.133626	5.39021	5.284866	7.164877	4.790388	4.401405
IL1B	6.621256	7.189708	9.000297	7.365192	7.481177	7.763946	7.274273	7.445004	8.927047	10.314348	6.931152	7.930217	7.655113	9.039384	7.436093	7.162689	7.450798	7.244358	9.147546	10.828396	8.08741	7.616959	6.754065	7.301935	7.124763	7.808079	6.940501	6.882758	11.110684	7.287915	7.606124	7.327737	7.723655	7.53382	7.94184	7.243306	7.024149	11.908797	7.133209	9.039384	7.438216	7.050176	7.361895	8.69707	7.094018	8.678195	9.687269	10.907414	7.870406	9.339206	12.480162	8.253887	9.625123	11.351996	9.05298	10.241785	8.718014	9.945982	13.202154	8.859876	10.219335	7.399255	9.126433	8.682867	9.618019	6.772166	7.201215	8.0605	9.449542	7.365162	9.164928	6.568005	6.596834	11.53809	12.365519	7.001152	10.789647	9.093782	7.789645	10.414088	8.836984	8.215688	8.649004	10.632547	9.25837	11.294618	12.511367	7.931648	7.685704
CASP5	8.152253	8.005261	6.893129	9.894729	8.878615	9.563552	8.418386	8.118519	8.070129	11.659352	7.964161	7.253179	8.249843	8.872396	8.763937	9.42615	8.739884	8.175975	8.507959	10.987524	7.550199	7.779949	8.229905	7.386721	7.440923	8.215732	8.417588	7.757333	10.527617	8.319524	9.036491	8.195568	7.457936	7.648509	9.461246	7.828944	7.634065	10.717624	8.657226	9.823108	8.549662	7.822425	8.198887	9.37177	8.594463	7.099725	10.909882	10.342835	9.179431	9.044942	9.335374	10.377234	10.165904	8.773398	10.616418	10.78147	9.862801	9.270614	10.399476	10.521903	10.036846	9.023273	10.473086	9.443913	8.887039	7.973481	7.937604	9.923154	9.266199	7.619822	11.195583	8.671954	7.795101	11.290922	6.353247	8.580777	10.002062	9.678909	8.654768	10.380079	9.829228	9.768063	10.281337	10.10102	10.732455	10.087815	9.38645	8.884841	10.124332
CXCL11	4.206904	4.54732	5.280449	6.907752	4.377337	6.706928	4.113375	4.695324	6.231723	9.74718	4.203661	3.925165	3.934921	4.89321	3.898751	5.256711	4.474301	4.256939	6.240857	8.285926	4.296644	4.279551	3.839559	3.73548	4.013478	3.862853	3.862006	4.375649	9.939195	5.180134	6.929627	4.553917	4.249579	4.361741	5.027678	4.842943	4.348164	8.845973	4.17769	7.498302	5.518692	4.381775	4.091407	4.563158	4.080486	4.753359	6.399279	7.710078	6.241171	9.166945	7.74813	5.757451	10.814758	4.619349	4.517784	6.063928	6.215488	9.790446	8.59065	5.213485	9.835654	3.839197	9.178584	5.893712	8.295558	4.195432	3.708903	4.323153	7.87894	4.098074	5.357047	3.794657	3.495382	7.825858	10.084454	3.649695	9.524795	7.957306	5.776335	6.977034	4.793468	7.597825	7.818691	10.35303	6.057383	7.837959	10.544932	4.884461	5.045496
TREM1	5.004688	5.004791	5.991224	5.740861	5.425624	5.285697	5.313005	5.14589	6.107309	6.18406	5.25467	5.660446	6.082469	5.567057	5.278368	5.507973	5.170517	5.127847	5.849078	7.835316	4.901172	5.541013	5.511475	5.311069	5.469866	5.367396	5.118991	5.080519	7.266608	5.650479	5.417273	5.499654	5.575828	4.94107	5.434787	5.151553	5.49832	9.709543	5.329382	5.573199	4.993866	5.501327	5.408422	6.110284	5.812817	5.881585	5.857785	6.97133	5.590707	6.210301	8.933274	6.947154	6.419036	7.702831	5.967133	6.467121	5.926705	6.408299	10.908646	7.366458	7.199276	5.993375	5.713416	5.626114	7.052089	5.724239	5.392778	5.603923	6.443541	5.610935	5.536389	4.795528	5.191506	6.412985	7.681418	5.139705	5.503554	6.128577	5.824376	6.60211	6.007797	6.790053	7.01127	7.875196	6.876383	7.597789	10.86978	5.663478	5.561327
LYZ	10.359509	9.870969	11.767958	10.870236	10.626258	9.908299	11.377301	10.706591	9.976771	11.058949	8.784898	8.059277	7.804316	8.056876	8.536339	6.970987	8.152723	7.673758	7.955438	8.967957	10.449076	9.060781	9.186401	10.603352	9.949147	10.883442	11.393716	8.800725	10.562797	11.897607	10.419983	10.81975	11.910876	11.577906	10.532293	10.545367	7.582903	8.78559	9.414394	8.853357	9.667173	10.371297	10.614439	10.49827	8.729372	11.810746	11.812644	10.937839	11.53058	11.53058	11.937579	12.174397	11.344642	12.056188	10.116862	10.659096	11.375126	11.570818	11.923011	11.597177	9.648497	10.199116	10.904564	9.553657	10.333675	9.853614	7.499374	10.836376	12.448381	9.054618	8.082568	7.499374	9.499937	11.814351	9.33565	9.883479	12.061621	12.244461	10.12018	9.955201	8.587765	10.098301	12.568005	12.325487	8.351594	10.024881	10.521396	12.353039	12.014738
IGLJ3	8.050087	9.166495	9.15263	8.884503	9.10855	9.352162	9.079868	9.171026	8.979771	8.889101	8.063614	8.634299	8.084629	8.740555	7.412981	7.52214	7.468376	7.476661	7.568944	7.549386	7.886364	9.19129	7.620252	8.655364	8.528595	8.297479	8.249479	8.25706	8.957923	8.860411	9.280338	9.679307	9.571582	9.184701	9.771406	8.87063	8.124667	8.541881	8.051065	7.74342	7.399229	7.389448	7.819071	8.317967	7.957019	10.394786	10.073806	10.567637	8.933096	9.739101	11.426464	10.888216	10.083409	8.983699	8.169276	9.17523	8.784814	8.367943	10.762982	9.17446	8.438316	7.91775	9.149392	8.535573	8.892158	8.225729	8.185337	8.581293	10.274196	8.404344	7.764507	8.411841	8.478872	9.581789	9.81046	7.945759	8.775928	11.073844	7.165958	10.035703	8.576945	9.881485	9.9643	10.537817	10.024299	9.982881	10.027399	8.341258	7.327019
SLCO1B3	4.608535	4.37646	7.135223	4.652658	5.070713	4.871658	4.254967	4.498232	4.742527	4.841421	4.332643	4.215403	4.103691	4.263653	4.462867	4.73611	4.669441	4.478796	4.405583	4.242261	4.425953	4.352046	4.437411	4.414402	4.165128	4.424304	4.354678	4.400646	4.471973	4.59772	4.64862	4.847346	4.580084	4.195151	5.969245	4.461358	4.68846	4.233785	4.45391	4.502878	4.408274	4.416039	4.500377	6.264272	4.356217	7.047606	5.099413	7.479271	4.686114	7.600355	5.593493	4.466256	5.521816	6.865226	4.832074	7.110733	4.791788	7.832918	5.021301	4.828906	5.653633	4.262373	4.299345	5.288285	7.466582	4.553411	4.62059	4.226022	5.695906	4.32314	4.327957	4.238179	4.311683	5.117922	5.302014	4.441524	4.893176	6.651998	4.365526	4.605596	4.918466	8.083467	5.811145	8.182033	4.578895	6.022435	4.680242	7.041684	4.393992
CXCL9	6.651897	9.686006	7.985034	8.874849	8.251649	10.457955	6.528224	8.717232	6.974998	12.693823	7.014469	7.431619	7.804215	7.588342	6.076521	8.720136	5.790747	6.890002	6.502254	9.489986	7.753351	7.662945	6.293302	5.611017	7.570176	7.337819	6.424137	7.687563	12.756925	9.848591	7.515711	8.021538	8.874849	8.330659	9.467528	8.575167	6.984853	10.70671	6.789223	6.48023	6.079289	6.423055	5.71834	7.416247	6.856469	9.154584	10.725595	10.878506	8.937099	11.124269	11.173894	11.502425	13.359789	7.939172	6.801291	8.637771	8.89235	9.855383	11.356829	8.401956	11.506132	6.984895	12.073115	9.9567	8.185527	7.392536	4.966006	9.639892	11.410695	6.809532	8.766831	5.751671	5.602069	9.943031	12.365531	5.747383	12.319063	10.321972	7.088261	11.579201	7.27011	9.189273	10.902867	11.778405	10.582941	10.931354	11.68881	8.597252	8.37245
ABCB1	8.375529	9.582486	7.433202	9.376425	8.113434	9.058584	8.714001	8.752695	7.800596	8.983861	7.764296	7.778747	8.47233	7.400135	7.110748	8.500793	7.824884	7.904495	7.817995	7.536359	8.496158	8.639697	8.830614	8.951711	8.640456	9.076111	8.773164	9.725836	8.574057	8.603272	8.056597	8.677681	8.034196	7.499872	7.528382	9.331667	9.041262	8.410145	8.349953	8.245384	7.656688	8.970649	7.819005	7.184601	9.902899	6.430219	6.3443	6.737711	8.064896	7.067883	6.773824	6.555831	7.600187	5.73858	6.432891	6.335057	6.239205	7.626956	5.954295	6.481239	7.762174	9.257659	6.391214	7.083536	7.993809	9.083708	8.412328	8.380353	6.589113	8.781284	7.921079	9.087297	9.240138	7.100456	7.174791	8.609499	6.553794	6.40422	8.376764	6.308505	7.688611	6.425083	6.966371	7.043668	5.929067	6.815291	6.100727	7.956954	11.413798
CA7	8.540931	8.362891	6.373905	9.007495	9.571155	8.179059	9.106242	8.425821	8.324353	8.174111	8.174752	9.733229	8.84599	9.354148	10.033571	9.063008	9.361176	8.408742	9.301142	8.506671	8.23018	9.347052	9.265613	9.465872	7.101531	8.924004	10.022251	8.679558	8.540931	7.95653	8.653634	8.600382	7.518305	8.550736	6.846929	8.624323	8.886296	9.359657	8.808761	9.621748	8.899887	8.448571	9.211821	8.196372	9.208106	6.542883	7.213589	6.413214	8.752227	8.190671	5.673169	8.202784	7.397678	7.399034	8.413897	7.38307	8.18974	8.381737	6.866585	8.403102	7.922532	9.146958	8.152831	9.461811	8.047282	8.64298	9.565905	8.536133	7.051698	8.38078	9.806242	9.364603	9.15264	8.152831	6.10204	8.572479	8.204422	6.865337	9.598244	6.933998	9.329104	7.573329	7.866469	6.384118	8.21507	8.394151	7.530036	8.437798	7.555554
GPR65	6.243378	7.030815	7.400398	7.271568	7.046336	7.445709	6.912081	5.968248	6.794143	7.727067	5.202604	5.330137	5.628236	5.900703	5.703494	6.771045	6.33629	6.878043	6.138313	8.624806	7.202857	6.656218	5.958631	6.748133	6.556799	6.069588	6.211921	6.586597	8.645159	7.533678	7.026463	6.229507	5.993839	7.399426	7.765101	7.142107	5.378387	10.031534	5.420577	6.490005	5.541398	5.65247	5.880553	7.424765	6.721639	7.986657	7.778963	8.473535	7.542085	7.900447	9.190626	7.245639	8.524933	8.636566	5.376612	7.360497	7.206658	7.880748	10.682707	7.408043	8.213619	6.219833	8.070948	7.729754	6.982174	6.332065	5.057123	5.943562	8.609894	6.764987	5.998707	5.80038	5.938561	8.207344	9.969384	6.640635	9.345973	8.347757	6.769173	8.343081	6.114578	7.235663	7.742503	8.737029	6.742408	7.68416	8.588204	6.941491	7.143993
STAP1	5.454793	6.409493	4.856812	6.10629	6.186546	6.724136	5.765748	5.580307	5.473255	5.552515	5.259004	5.395174	5.409703	5.312231	5.195145	4.913949	5.267603	4.994391	4.927865	5.292116	6.443245	6.342288	4.737627	6.285707	6.348782	5.094314	5.67098	6.241786	7.148153	7.209944	5.616226	5.548638	5.330544	7.154365	6.907769	6.911487	5.17064	5.368506	5.526218	4.966539	5.035489	5.588359	5.142031	6.098198	6.049524	8.09711	6.402364	8.627903	7.28277	5.75694	7.796562	5.975357	7.884598	5.777275	5.213493	6.991482	6.434418	5.437657	6.896064	5.366137	6.661751	4.893759	6.246873	6.0863	5.451188	5.107102	4.923067	4.687608	7.552234	6.142855	5.02634	5.608756	5.904692	7.64301	8.560579	5.462438	6.863043	7.454817	5.101204	7.538686	4.566778	6.249168	7.426547	6.744995	5.576216	5.933977	6.129717	5.652704	5.609902
TLR2	6.808863	7.161166	6.349411	8.244874	7.084214	7.566758	7.136327	6.901655	8.323511	7.863983	6.351829	6.79771	6.565988	7.432796	6.387096	6.901655	6.245408	6.509169	7.340095	8.042212	6.912374	7.113412	6.533573	6.456545	6.111894	6.423357	6.895644	7.077648	8.745851	7.488621	7.476805	6.968063	6.859984	7.232394	6.810153	6.855657	6.364438	9.592216	6.50574	6.854556	6.634781	6.552706	6.733957	6.863537	6.200225	7.487632	7.464763	8.388609	8.081179	7.934502	9.701152	8.765945	7.999537	7.921822	6.50574	7.220904	7.030286	7.570188	10.685794	8.173029	7.732205	6.584369	7.241865	8.069816	7.829453	6.722956	6.146065	7.510995	7.941375	7.223884	6.555268	6.441272	6.502443	7.790092	8.284147	6.871621	8.788649	7.619421	6.860815	8.304998	6.962236	8.561836	8.400432	8.212141	8.549565	8.308477	10.540977	6.675963	7.586164
GEM	7.52228	8.059897	6.737463	7.82609	7.493172	8.327403	7.459092	6.919172	8.734388	8.576747	5.945464	5.227108	5.826095	5.933902	6.51385	6.239202	6.604956	5.744636	6.282652	5.916154	8.05685	7.399095	6.273945	6.492128	7.081318	6.214245	6.059791	7.262718	9.681204	8.99074	8.7485	8.415108	7.279681	8.468163	8.952945	8.209652	6.044645	6.312074	6.699908	7.063566	6.669578	6.835686	6.628405	6.750686	6.915738	10.407288	8.655656	9.271215	8.580429	9.528716	10.160099	8.256165	9.363494	7.195391	5.833549	6.226168	6.522094	6.543149	6.388977	6.277512	7.406476	5.760133	7.462208	8.172796	8.186169	6.586114	5.437206	6.399943	9.694613	6.903973	6.282049	5.604152	6.758388	8.489537	10.728839	6.322929	9.037461	8.488945	6.896642	8.488281	6.270185	8.17572	9.488309	9.249655	6.879852	8.8888	8.892647	6.825536	7.708578
IL13RA2	6.142746	6.463406	5.634778	6.528256	7.821668	4.767218	6.103677	5.527589	6.356703	5.815308	4.278802	4.063907	4.182972	4.232566	5.244864	5.055346	5.321147	5.41302	5.109444	4.937117	4.864842	4.869122	4.67737	4.370036	4.467028	4.51721	4.646281	7.088749	7.408299	6.822464	5.199282	5.588124	4.122829	5.439763	7.324602	4.81876	4.914558	4.218823	4.482959	5.595606	5.862122	5.777547	4.800951	5.208563	5.042295	7.792414	8.367055	7.427169	6.091795	9.152767	10.007165	8.3276	8.118457	5.459733	4.927613	4.845623	4.709417	4.521542	7.158227	5.607739	5.445215	4.426895	4.722578	5.282111	9.085794	4.839675	5.608184	5.07815	5.818136	4.98649	5.34539	4.511116	4.594724	6.118908	10.166576	4.493558	5.650972	6.840105	4.95105	7.596461	6.894883	9.44918	6.936207	8.69407	7.09688	7.479396	8.556378	5.000452	4.929462
NLRC3	6.311128	7.319721	4.458391	6.353948	6.41115	7.648598	6.111951	6.506729	5.420309	6.438351	5.340738	5.074406	5.912575	4.940339	5.895916	6.982551	6.023186	5.928662	6.199275	6.831512	6.709518	6.150397	6.108443	6.677302	7.127366	6.1142	5.413786	7.007212	7.521954	8.145167	5.859634	5.980014	5.861649	7.869001	7.355144	8.061831	5.456197	6.179905	5.919642	5.558711	5.752171	6.236445	5.679339	7.180079	7.597249	8.053857	7.071306	8.74018	7.403422	7.003165	8.338745	6.360828	8.269437	6.417272	4.582458	6.762932	6.358765	6.787567	8.112839	6.703264	7.805956	6.460299	7.936648	6.64847	6.027298	5.79765	5.207167	6.0899	7.903363	6.270854	6.163693	5.013144	5.562658	7.33818	10.163994	5.782506	7.84936	7.054484	5.998338	7.406767	5.397294	5.953541	7.594824	7.945146	6.323933	6.741554	7.069254	6.486555	7.637825
IFIT3	7.493179	7.72436	8.010315	8.942943	7.439061	8.487578	7.069859	8.456446	8.119289	10.450745	6.712888	6.818716	6.386862	7.874109	6.647375	8.238595	6.618113	7.807137	6.956993	10.150834	6.82859	7.320409	7.461069	6.727049	7.243056	7.09856	6.857407	7.63967	9.633906	7.773085	8.680765	7.029944	8.556128	7.161709	8.31038	7.720343	7.143071	10.435269	6.931435	8.30696	7.164816	7.606165	6.71963	7.863635	7.576945	7.70455	8.552978	8.65303	8.043055	8.931983	9.210265	8.205448	10.230867	7.339056	7.873037	8.142814	7.648982	9.166635	11.214202	8.014834	9.65106	7.308019	10.140922	8.791786	8.302189	7.149438	6.378926	8.40655	9.151628	7.249511	8.800928	6.688689	6.692664	9.205265	8.643859	6.904038	9.723626	8.886432	7.735391	8.833564	7.985906	8.133658	8.717782	9.899082	8.817553	8.062912	10.825252	8.307636	9.916593
CXCL13	5.452331	7.527819	5.096224	6.934499	7.343223	10.114396	7.379706	8.459478	5.703795	5.803466	4.960163	4.913898	4.908971	4.759939	5.35996	4.968039	5.040816	5.290691	5.616009	5.288965	9.372154	8.110176	3.100531	8.088298	8.584795	6.266864	5.478559	9.876094	9.912945	10.59451	7.165704	5.692899	8.389453	10.390207	10.183855	9.371664	5.032688	5.155956	5.121689	5.125545	4.665993	6.044972	4.68249	6.755354	6.018118	11.093333	11.081003	13.1299	10.645881	8.103387	12.843717	8.668734	12.029829	5.378986	4.960163	8.804302	6.51194	8.732244	8.521336	7.211175	8.641889	3.048938	6.678199	6.960246	5.875233	2.921952	3.392322	5.522449	11.210463	7.576554	7.603801	3.15946	2.657806	10.1926	12.066069	7.34775	9.218438	10.458807	4.955013	11.429537	4.91862	9.042079	11.361344	10.82151	9.359057	9.206694	10.802601	7.932128	7.861005
RASGRP1	6.441865	6.996783	6.315926	6.751922	6.866728	7.501772	6.486422	6.370302	6.020191	7.049496	6.266635	5.583383	5.166385	5.880636	5.974803	6.69292	6.488594	6.446196	5.648816	6.896553	6.860553	6.076088	6.293739	6.947891	6.644272	6.570009	6.019401	6.641139	7.772159	7.776183	6.417258	6.219161	5.314325	8.109353	7.320695	7.82101	5.201376	5.889528	6.00572	6.282324	6.359828	6.09484	6.486422	7.408562	7.453241	8.669805	6.89927	9.093308	7.749282	7.745007	8.772718	6.570692	8.060747	7.05782	5.675068	6.707747	6.580009	7.357488	8.331687	6.635487	7.88809	6.457177	8.281921	6.734072	6.36421	5.079434	5.200639	7.180379	8.232918	6.45496	6.498018	5.388082	6.333993	7.429713	9.89982	6.181645	8.089751	7.946553	5.824139	7.8413	5.603625	6.334852	7.686865	8.352252	6.678509	7.100367	7.230197	6.809457	7.50514
IL33	6.039149	5.708758	5.613241	7.471693	6.301834	5.282862	6.019514	4.418278	5.752075	5.926421	5.364077	4.38302	4.647329	5.375077	5.82387	3.261231	6.477586	3.70251	6.308916	5.736129	6.131145	5.860749	5.329127	5.543746	5.557289	5.193541	4.598649	5.267508	6.749719	6.566146	7.01606	5.919549	5.268316	6.332212	7.135456	6.487137	4.258096	4.735034	5.89061	6.195321	6.326162	4.58406	5.293287	6.162361	5.52247	6.928992	6.534343	7.326961	6.839441	7.587015	7.65667	6.239474	7.716896	5.047475	5.661458	5.810271	6.508671	8.066352	4.529174	5.830129	7.420723	4.027443	5.908072	6.284415	7.337728	4.886636	5.327923	4.394747	7.488286	4.924989	5.037911	4.408703	3.976995	6.253222	8.102247	4.875886	6.802154	7.162658	5.110039	7.218027	5.668397	7.836106	7.778703	7.655014	6.006094	6.872039	8.370925	5.940282	5.802987
